Barcode,Cluster
AAACCCAAGTAGTGCG-1,1
AAACCCACAATGGCCC-1,1
AAACCCACATGAAGGC-1,1
AAACCCAGTGTCCACG-1,3
AAACCCATCAGACCTA-1,1
AAACCCATCCTATTTG-1,1
AAACCCATCGAAGGAC-1,3
AAACGAACAACGGGTA-1,1
AAACGAATCCCACAGG-1,2
AAACGAATCGAGCACC-1,1
AAACGCTCAACTGAAA-1,1
AAACGCTCACCTAAAC-1,1
AAACGCTGTGCGCTCA-1,1
AAAGAACAGATAGTCA-1,1
AAAGAACAGGTTGACG-1,1
AAAGAACCAGGCGAAT-1,1
AAAGAACCATGAAGCG-1,1
AAAGGATAGATGTTCC-1,1
AAAGGATCAGACCTAT-1,2
AAAGGATTCAATCGGT-1,1
AAAGGATTCCGCTGTT-1,1
AAAGGGCAGAACCCGA-1,1
AAAGGGCAGCATGAAT-1,1
AAAGGGCAGCATGTTC-1,1
AAAGGGCAGCGGCTCT-1,2
AAAGGGCTCGGCTCTT-1,1
AAAGGGCTCTGAGGCC-1,1
AAAGGTAAGGGATCGT-1,1
AAAGGTAAGTAGGATT-1,1
AAAGGTACAAATACAG-1,1
AAAGTCCAGGGATCTG-1,3
AAAGTCCCAACTTCTT-1,2
AAAGTCCGTAGCTGAG-1,2
AAAGTCCGTCCCGCAA-1,2
AAAGTCCGTCGAACAG-1,1
AAAGTCCTCATGCATG-1,2
AAAGTCCTCTATTCGT-1,1
AAAGTGAAGACAAGCC-1,2
AAAGTGAAGCACGATG-1,1
AAAGTGAAGTTTCTTC-1,1
AAAGTGACAAATGGAT-1,3
AAAGTGATCAGGTGTT-1,1
AAATGGAAGCTAAGTA-1,2
AAATGGAAGCTGAGCA-1,1
AAATGGAGTCATAGTC-1,2
AAATGGATCAGTAGGG-1,1
AAATGGATCAGTGTGT-1,1
AACAAAGAGAAATTGC-1,2
AACAAAGAGTGGTTCT-1,1
AACAAAGTCCCGAAAT-1,1
AACAACCAGAAGTCCG-1,2
AACAACCGTAAGATCA-1,2
AACAACCGTTAATCGC-1,1
AACAACCTCTGCCTCA-1,2
AACAACCTCTGCTCTG-1,1
AACAAGACAGGAATCG-1,1
AACAAGAGTCTTCTAT-1,2
AACAAGATCCACTGAA-1,1
AACAAGATCGAGAACG-1,2
AACACACAGATAGTGT-1,2
AACACACGTCTTAGTG-1,1
AACACACGTTAATGAG-1,2
AACAGGGAGCCTGCCA-1,1
AACAGGGAGGGTAATT-1,1
AACAGGGCAACGCATT-1,1
AACAGGGCAATCGTCA-1,1
AACAGGGCACGCAAAG-1,1
AACAGGGCAGGAGGAG-1,1
AACAGGGTCGTCGGGT-1,1
AACAGGGTCGTTGTAG-1,2
AACAGGGTCTGAGAAA-1,3
AACCAACCAAATCCCA-1,1
AACCAACCACATGTTG-1,1
AACCACAAGACCACGA-1,1
AACCACAAGTAGGAAG-1,1
AACCACAGTACTCGCG-1,1
AACCACATCGTTCCTG-1,1
AACCATGTCTCCGAGG-1,3
AACCCAAAGAGAGGGC-1,1
AACCCAAAGTAAGAGG-1,1
AACCCAAAGTGCACCC-1,2
AACCCAAAGTGTGTTC-1,1
AACCCAACAGGGTTGA-1,1
AACCCAAGTGACCGAA-1,2
AACCCAATCTGGGCCA-1,1
AACCTGAAGGATTCCT-1,1
AACCTGAAGTCGAAGC-1,1
AACCTGACAACACGAG-1,1
AACCTGACAATAGAGT-1,2
AACCTGACAGGACGAT-1,2
AACCTGAGTGGAGAAA-1,1
AACCTTTAGAAGTCTA-1,1
AACCTTTCATTAGGCT-1,1
AACCTTTGTCGAAACG-1,1
AACCTTTGTTCGAACT-1,1
AACCTTTGTTGCGGAA-1,1
AACGAAACAATAAGGT-1,1
AACGAAACATCAGTCA-1,1
AACGAAAGTGACTCGC-1,3
AACGAAATCGTGAGAG-1,2
AACGGGAAGCGATGGT-1,1
AACGGGAAGTTATGGA-1,1
AACGTCACATGGACAG-1,3
AACGTCAGTGACGCCT-1,1
AACTTCTCAACGTTAC-1,1
AACTTCTCAGAGGAAA-1,2
AACTTCTCAGAGTCTT-1,1
AACTTCTGTCCGAAAG-1,2
AACTTCTTCGAGGCAA-1,1
AACTTCTTCTACTGCC-1,1
AAGAACAGTTGGTGTT-1,1
AAGAACATCTGACGCG-1,1
AAGACAAAGGTTGCCC-1,1
AAGACAACACAAATAG-1,1
AAGACAATCGAGAAAT-1,1
AAGACTCAGCTCACTA-1,2
AAGACTCAGGAATGTT-1,1
AAGACTCAGGCCTAGA-1,2
AAGACTCGTACACGTT-1,1
AAGACTCGTCAGGCAA-1,2
AAGACTCTCAGACCCG-1,1
AAGATAGCAATAGAGT-1,2
AAGATAGGTCGTCAGC-1,1
AAGCATCGTAACATCC-1,1
AAGCATCTCTCATTAC-1,1
AAGCCATAGCGTCAGA-1,3
AAGCCATGTACACGCC-1,1
AAGCCATTCATGCCAA-1,2
AAGCCATTCGAGTTGT-1,1
AAGCGAGAGCACCGAA-1,1
AAGCGAGGTCAAATCC-1,1
AAGCGAGGTCTGTGCG-1,1
AAGCGAGTCCGCTAGG-1,1
AAGCGTTAGGTGCTTT-1,1
AAGCGTTAGTAGACAT-1,1
AAGCGTTCAATGTGGG-1,2
AAGCGTTGTTGCGGCT-1,1
AAGCGTTTCCCATTTA-1,1
AAGCGTTTCTCTGACC-1,1
AAGGAATCATCGCTAA-1,1
AAGGAATGTGCCTAAT-1,1
AAGGTAAAGTTGCTGT-1,1
AAGGTAACAAATAGCA-1,1
AAGGTAAGTTTCACTT-1,1
AAGGTAATCGCGTAGC-1,2
AAGGTAATCTTCTGTA-1,1
AAGTCGTAGGGTAGCT-1,2
AAGTCGTAGGTCTACT-1,2
AAGTCGTCAGGAGGAG-1,1
AAGTCGTCATCGCTGG-1,1
AAGTCGTCATTCACCC-1,2
AAGTCGTCATTGCAAC-1,1
AAGTCGTTCGTCGGGT-1,1
AAGTCGTTCTCGCCTA-1,1
AAGTGAAAGCGTTCCG-1,2
AAGTGAACACATTCTT-1,3
AAGTGAACACCTCAGG-1,1
AAGTGAAGTGCCGTAC-1,1
AAGTGAAGTTATCCAG-1,2
AAGTGAAGTTTGGGTT-1,1
AAGTGAATCAGAGTGG-1,2
AAGTGAATCTGGAAGG-1,2
AAGTTCGAGAACTGAT-1,2
AAGTTCGCAACAGAGC-1,1
AAGTTCGTCACCGGTG-1,1
AAGTTCGTCTCGGTAA-1,1
AATAGAGAGAGTCAAT-1,2
AATAGAGAGGAGCAAA-1,1
AATAGAGCAATGGCCC-1,1
AATAGAGGTTAGGACG-1,2
AATAGAGTCCTGGCTT-1,1
AATCACGGTGTCCCTT-1,2
AATCGTGAGGAACGAA-1,1
AATCGTGCAGAACATA-1,1
AATCGTGCAGTCCCGA-1,1
AATCGTGGTGGCGCTT-1,1
AATCGTGGTTGCACGC-1,1
AATGAAGGTACCATAC-1,1
AATGAAGTCCCTCATG-1,1
AATGACCAGCGCCATC-1,1
AATGACCAGTAATCCC-1,2
AATGACCCAAATGCGG-1,1
AATGACCCAACCTATG-1,1
AATGACCCAACTGAAA-1,1
AATGACCGTTCAGTAC-1,1
AATGACCTCCGCGGAT-1,2
AATGACCTCGACGATT-1,3
AATGACCTCTCGACCT-1,2
AATGCCAAGGTTTGAA-1,2
AATGGAACAAATGATG-1,2
AATGGAACAGCATCTA-1,2
AATGGAAGTAGCACGA-1,3
AATGGAAGTTCGGTAT-1,3
AATGGAAGTTGTATGC-1,3
AATGGCTCAACCGTAT-1,2
AATGGCTTCGCACGGT-1,2
AATTCCTAGTGAGTGC-1,1
AATTCCTGTCAGTCTA-1,1
AATTTCCCAACTCCCT-1,1
AATTTCCCACTGAATC-1,3
AATTTCCCAGTGTACT-1,1
AATTTCCTCACGGACC-1,1
AATTTCCTCTCTCGCA-1,1
ACAAAGAAGGCTCCCA-1,1
ACAAAGACAGTCGGAA-1,1
ACAAAGACATTGACTG-1,3
ACAACCACACGACGTC-1,1
ACAACCAGTTCGCGTG-1,2
ACAACCATCCAGTTCC-1,1
ACAACCATCCCTCAAC-1,1
ACAAGCTCAGAAGCGT-1,3
ACAAGCTCAGGCTCTG-1,1
ACAAGCTCAGTAGAAT-1,1
ACAAGCTCATACTGAC-1,1
ACAAGCTTCTGGACTA-1,1
ACACAGTAGCCGATTT-1,1
ACACAGTCAGTCTGGC-1,3
ACACAGTCATCTTAGG-1,1
ACACAGTGTAGGCAGT-1,1
ACACAGTTCAAAGCCT-1,1
ACACAGTTCAAGCCAT-1,1
ACACGCGAGGTCGACA-1,3
ACACGCGGTACAACGG-1,1
ACACGCGGTAGTCGTT-1,1
ACACGCGTCTTTGCGC-1,2
ACACTGACACTTCCTG-1,1
ACACTGACATGCACTA-1,2
ACACTGATCCGTGGTG-1,1
ACACTGATCTCGCCTA-1,1
ACAGAAAAGGCACTCC-1,1
ACAGAAAAGGCTAACG-1,2
ACAGAAAAGGTTCCGC-1,1
ACAGAAACACGATTCA-1,2
ACAGAAAGTACGTTCA-1,1
ACAGAAAGTCTCAAGT-1,1
ACAGAAATCAGTCACA-1,1
ACAGCCGAGAGCCATG-1,1
ACAGCCGAGGTGAGCT-1,1
ACAGCCGAGTAGCCAG-1,2
ACAGCCGCACCCTAAA-1,1
ACAGCCGGTCGTTTCC-1,1
ACAGCCGTCTGTGCTC-1,2
ACAGGGAAGCACCGAA-1,2
ACAGGGATCATCGCAA-1,1
ACAGGGATCGGTTAGT-1,2
ACAGGGATCTACCAGA-1,2
ACATCCCAGTCGGCAA-1,1
ACATCCCCAACACACT-1,1
ACATCCCGTCAAATCC-1,2
ACATCCCTCCGAGTGC-1,3
ACATCGACACAGCCAC-1,1
ACATCGATCAGGGTAG-1,3
ACATCGATCTTGAGCA-1,1
ACATGCAAGTACGTCT-1,1
ACATGCAGTGACTCTA-1,1
ACATGCAGTTAGGCCC-1,1
ACATGCATCTGCATAG-1,1
ACATGCATCTTGAACG-1,1
ACATTTCAGGAACGTC-1,2
ACATTTCCAAGACCTT-1,1
ACATTTCCAGATCCTA-1,1
ACATTTCGTATTGACC-1,2
ACATTTCTCAGGAAGC-1,1
ACCAAACAGGCTATCT-1,1
ACCAAACTCATGCCCT-1,1
ACCAAACTCGGACAAG-1,1
ACCAACAAGTTTGAGA-1,1
ACCAACACATTGAAGA-1,3
ACCAACAGTATCGAAA-1,1
ACCAACATCATCTACT-1,1
ACCAACATCCGTTGGG-1,3
ACCAACATCGGAATGG-1,1
ACCACAACACCCTAGG-1,1
ACCACAACACGGTGTC-1,1
ACCACAATCCAGTGTA-1,1
ACCACAATCGAGCCAC-1,1
ACCATTTAGACTTCCA-1,1
ACCATTTAGATACTGA-1,3
ACCATTTCAGAGAGGG-1,1
ACCATTTGTGTTCCAA-1,3
ACCATTTTCCGTTGGG-1,1
ACCATTTTCGGTCAGC-1,1
ACCATTTTCTACACAG-1,3
ACCCAAAAGCCTGAAG-1,2
ACCCAAACATTGTAGC-1,3
ACCCAAATCTGAATCG-1,1
ACCCTCACAATCCTTT-1,1
ACCCTCACAGGTTACT-1,2
ACCCTCACATAACAGA-1,1
ACCCTCAGTAATTAGG-1,1
ACCCTCAGTCATACCA-1,1
ACCCTCATCCTACTGC-1,3
ACCCTTGAGAATAACC-1,1
ACCCTTGCACCGTCTT-1,1
ACCCTTGGTCACAGTT-1,2
ACCCTTGGTCATGCAT-1,1
ACCCTTGTCTTGCAAG-1,1
ACCGTTCAGTTACTCG-1,3
ACCGTTCCAAGTGGTG-1,2
ACCGTTCCATTACGGT-1,1
ACCTACCCATCGGAGA-1,1
ACCTACCGTATCCCAA-1,2
ACCTACCTCATCGTAG-1,1
ACCTGAACACCTGAAT-1,1
ACCTGAACACGTAGAG-1,3
ACCTGAACAGCTGAGA-1,1
ACCTGAATCCCTCATG-1,1
ACCTGAATCGATAACC-1,2
ACCTGTCAGTCATGGG-1,1
ACCTGTCGTTTGGAGG-1,2
ACGATCACACATGGTT-1,2
ACGATCACATGGGATG-1,1
ACGATCAGTCTCGCGA-1,1
ACGATGTAGGCCACTC-1,3
ACGATGTCAAGACAAT-1,1
ACGATGTGTACTTGTG-1,1
ACGATGTGTGTTTGCA-1,1
ACGATGTGTTTGGCTA-1,2
ACGCACGAGACCAAAT-1,1
ACGCACGAGTTGCTGT-1,3
ACGCACGCACACCGCA-1,1
ACGGAAGCAAGAGAGA-1,1
ACGGGTCAGATGAATC-1,1
ACGGGTCAGCTTAAGA-1,2
ACGGGTCAGTTAGTAG-1,2
ACGGGTCCATCGGTTA-1,2
ACGGTCGAGAATAACC-1,3
ACGGTCGAGACATCCT-1,3
ACGGTCGGTTACCCTC-1,3
ACGGTCGTCCCGAACG-1,1
ACGGTTAAGTCATAGA-1,3
ACGGTTACAATCTCGA-1,1
ACGGTTACACCAGCTG-1,1
ACGGTTACAGAACCGA-1,3
ACGTAACAGCCGTAAG-1,1
ACGTAACGTTGGCTAT-1,1
ACGTACAAGCAGGCAT-1,1
ACGTACAAGTCTGCGC-1,1
ACGTACACAGTTGGTT-1,1
ACGTACAGTCGTTATG-1,1
ACGTACAGTGAGATCG-1,1
ACGTACAGTGGGTTGA-1,3
ACGTACAGTTTAGACC-1,1
ACGTACATCGGTCTAA-1,1
ACGTAGTCAGGTTTAC-1,2
ACGTAGTCATCGGAAG-1,1
ACGTAGTCATGAGTAA-1,2
ACGTAGTCATTAGGAA-1,1
ACGTAGTGTAACATGA-1,1
ACGTAGTGTAACTTCG-1,1
ACGTAGTGTAGCGTTT-1,1
ACGTAGTGTTGGAGAC-1,1
ACGTAGTTCGCATAGT-1,1
ACGTAGTTCGGTTCAA-1,1
ACGTCCTAGTCATTGC-1,1
ACGTCCTCACGTAGAG-1,2
ACGTCCTGTGGACTAG-1,1
ACGTTCCAGGTCCCTG-1,2
ACGTTCCCAATTGCAC-1,1
ACGTTCCTCACCCTGT-1,1
ACTACGACAACAGCTT-1,2
ACTACGATCATTGTTC-1,1
ACTACGATCCGTATAG-1,1
ACTATCTGTCGTACTA-1,1
ACTATCTGTGCATGAG-1,1
ACTATCTTCCAAGCCG-1,2
ACTATCTTCCGGGACT-1,1
ACTATGGAGGACAAGA-1,1
ACTATGGCAAATGATG-1,1
ACTATGGCATACTGTG-1,2
ACTATGGGTCTTGTCC-1,1
ACTATTCAGCCAAGCA-1,1
ACTATTCCACAGTCAT-1,1
ACTATTCGTACAGGTG-1,1
ACTATTCTCAAGGCTT-1,3
ACTCCCAAGGGAGGAC-1,1
ACTCCCAGTTCGATTG-1,1
ACTCTCGAGGTCACCC-1,1
ACTCTCGGTCTAGTGT-1,3
ACTCTCGGTTCCGCTT-1,1
ACTGATGAGGCAGGTT-1,1
ACTGATGAGGTTACCT-1,1
ACTGATGCAGACACAG-1,2
ACTGATGTCCTTCACG-1,2
ACTGATGTCGCAAGAG-1,1
ACTGCAAAGCTCGAAG-1,1
ACTGCAACATACTGTG-1,1
ACTGCAAGTCTTACAG-1,1
ACTGCAAGTGTGAATA-1,1
ACTGCAAGTTAGCGGA-1,3
ACTGCAATCCAAGGGA-1,1
ACTGCAATCCCTCGAT-1,1
ACTGCAATCTAGCATG-1,1
ACTGTCCCAAGGAGTC-1,1
ACTGTCCCATCGTTCC-1,1
ACTGTCCTCACGACTA-1,1
ACTGTCCTCGCTCTAC-1,1
ACTGTGAAGCTAAACA-1,3
ACTGTGAAGGCAGCTA-1,1
ACTGTGAAGTGAGGCT-1,1
ACTGTGACAATAGTCC-1,2
ACTGTGAGTCTTGGTA-1,2
ACTGTGATCCTTGACC-1,2
ACTGTGATCGCGTAGC-1,1
ACTTAGGAGCGAATGC-1,1
ACTTAGGAGCGCCCAT-1,1
ACTTAGGGTATGGTAA-1,1
ACTTATCCAAGACGGT-1,1
ACTTATCCACATACGT-1,3
ACTTATCCATCGCTCT-1,1
ACTTATCGTAACTAAG-1,1
ACTTATCGTTCTTCAT-1,1
ACTTATCTCTCCTGCA-1,1
ACTTATCTCTCGAACA-1,1
ACTTCCGAGAAGTCAT-1,1
ACTTCCGCATGGAATA-1,1
ACTTCCGGTATCCCAA-1,1
ACTTCCGGTGAACGGT-1,1
ACTTCCGGTGTACGCC-1,2
ACTTCCGTCAACTGAC-1,1
ACTTCCGTCCGTTGAA-1,2
ACTTCCGTCGCTACAA-1,1
ACTTCCGTCTCGTCGT-1,1
ACTTCGCAGGTCACTT-1,1
ACTTCGCGTACAATAG-1,1
ACTTCGCGTCACATTG-1,1
ACTTCGCGTTACAGCT-1,1
ACTTCGCTCAACTACG-1,1
ACTTTCAAGATAACGT-1,3
ACTTTCAAGCTAAATG-1,1
ACTTTCAAGTCGTTAC-1,1
ACTTTCACAACCGACC-1,1
ACTTTCACACGAAAGC-1,3
ACTTTCAGTCTGTCCT-1,1
ACTTTGTGTCGATGCC-1,1
AGAAATGAGTGACCTT-1,3
AGAAATGCAATACCCA-1,3
AGAAATGCAGCTCCTT-1,3
AGAAATGCAGTGTGCC-1,1
AGAAATGCATCGGCCA-1,2
AGAAATGTCTTAGCCC-1,1
AGAACAAAGATACATG-1,1
AGAACAAAGGGATCGT-1,1
AGAACAAAGTTGCATC-1,1
AGAACAAGTTCTCCCA-1,1
AGAACAATCCGCCTAT-1,1
AGAACAATCTGTAAGC-1,1
AGAACCTGTCACGACC-1,3
AGAAGCGCACTCCTGT-1,2
AGAAGCGGTCGGAACA-1,1
AGAAGTAAGGGAACAA-1,2
AGAAGTACATCGGATT-1,2
AGACAAAAGGCTCTAT-1,1
AGACACTAGGGATGTC-1,1
AGACACTGTCCGTACG-1,1
AGACAGGAGGGACTGT-1,2
AGACAGGCACAAGCCC-1,1
AGACAGGCAGAGTAAT-1,1
AGACAGGCATCCTTGC-1,1
AGACAGGGTCATAGTC-1,1
AGACAGGGTCTCCTGT-1,1
AGACAGGTCACAGTGT-1,1
AGACAGGTCCTCTCGA-1,1
AGACCATAGCGACAGT-1,3
AGACCATGTGATACTC-1,1
AGACCATGTGGATGAC-1,1
AGACCATTCCTGCCAT-1,1
AGACCCGAGGCCCACT-1,2
AGACCCGCAAAGGAGA-1,2
AGACCCGCACCCTAAA-1,3
AGACCCGCATGGAGAC-1,1
AGACCCGTCGATCCAA-1,2
AGACTCACAGACCATT-1,1
AGACTCAGTATGAGAT-1,1
AGACTCAGTTGTACGT-1,1
AGACTCATCCGCAACG-1,1
AGAGAATAGGTAGCCA-1,1
AGAGAATAGTGACCTT-1,1
AGAGAATAGTTCCTGA-1,2
AGAGAATGTCTCTCTG-1,1
AGAGAATGTGCGACAA-1,3
AGAGAATGTGGTCAAG-1,1
AGAGAATGTGGTTTGT-1,1
AGAGAGCCAAGTTCGT-1,2
AGAGAGCCAGCAGTTT-1,2
AGAGAGCTCTTTGCGC-1,1
AGAGCAGAGCGTGCCT-1,1
AGAGCAGAGGAATGTT-1,2
AGAGCAGAGGCCCGTT-1,1
AGAGCAGCAAGGTCGA-1,1
AGAGCAGCACAGCGCT-1,2
AGAGCAGCACAGCTTA-1,1
AGAGCAGCACGAGGAT-1,1
AGAGCAGCACGGATCC-1,1
AGAGCAGCAGAGGTTG-1,1
AGAGCAGCATAAGCGG-1,1
AGAGCAGCATCACCAA-1,1
AGAGCAGGTTGCACGC-1,2
AGATAGACAGCCGGTT-1,1
AGATAGACATAGAAAC-1,1
AGATAGATCAAGAATG-1,1
AGATCCAAGTCCCGGT-1,1
AGATCCAGTGTATCCA-1,1
AGATCCATCCCGAGAC-1,1
AGATCCATCGTCGCTT-1,2
AGATCGTCAACTTCTT-1,1
AGATCGTGTCAAAGTA-1,3
AGATCGTTCAAGTTGC-1,1
AGATCGTTCACTGTCC-1,1
AGATGAAAGCTGTCCG-1,1
AGATGAATCGCAGTCG-1,1
AGATGCTAGACATACA-1,3
AGATGCTAGGAAGTAG-1,1
AGATGCTCATGAGAAT-1,1
AGATGCTGTTCTTGTT-1,2
AGATGCTTCGGCTGGT-1,1
AGCATCACACCCTGTT-1,3
AGCCAATGTAAGATTG-1,1
AGCCAATGTACAAGTA-1,1
AGCCAATTCATCTCTA-1,1
AGCCAATTCCTGTAAG-1,1
AGCCAATTCGCAATGT-1,1
AGCCAATTCTATGTGG-1,2
AGCCACGCAGGACAGT-1,1
AGCCACGCAGGAGGAG-1,3
AGCCACGGTCTTCAAG-1,1
AGCCACGGTTCCACGG-1,1
AGCCACGGTTCCGGTG-1,2
AGCCACGGTTGGGAAC-1,1
AGCCACGTCCATACTT-1,1
AGCCACGTCCGCAAAT-1,1
AGCCACGTCGCAGAGA-1,3
AGCCAGCAGATTTGCC-1,2
AGCCAGCTCCAATGCA-1,3
AGCGATTAGGACTTCT-1,2
AGCGATTTCACCGCTT-1,1
AGCGATTTCTTACCAT-1,2
AGCGCCAAGGCATCAG-1,1
AGCGCCAGTATGTGTC-1,1
AGCGCTGGTATCCTCC-1,2
AGCGCTGGTGCCTACG-1,2
AGCGCTGTCCGTTTCG-1,2
AGCGTATAGACGTCCC-1,2
AGCGTATAGGTTATAG-1,1
AGCGTATAGTATGAAC-1,1
AGCGTATCACTCCGAG-1,2
AGCGTATGTCAACCAT-1,3
AGCGTATTCTCTCTTC-1,1
AGCGTCGAGCACGGAT-1,1
AGCTACAAGCATTGTC-1,1
AGCTACAAGGCATCTT-1,1
AGCTACACACATACGT-1,2
AGCTACACACTTGTGA-1,1
AGCTACATCCTCACGT-1,2
AGCTACATCGTTGTGA-1,1
AGCTCAAAGTCAGCGA-1,1
AGCTCAAAGTGAATAC-1,2
AGCTCAACATCTGTTT-1,1
AGCTCAATCGGCTGAC-1,1
AGCTTCCAGTGCACAG-1,1
AGCTTCCCAACAGATA-1,3
AGCTTCCCACAAGCTT-1,1
AGCTTCCGTGTCCGGT-1,1
AGCTTCCTCTTCCAGC-1,3
AGCTTCCTCTTCGCTG-1,2
AGGAAATAGCGGTAAC-1,1
AGGAAATAGGTAGGCT-1,1
AGGAAATCACCATTCC-1,1
AGGAAATCAGACACAG-1,1
AGGAATAAGCGCTTCG-1,1
AGGAATAAGCTAGCCC-1,2
AGGAATAGTCTTGAAC-1,2
AGGAATAGTTCCACGG-1,2
AGGAATATCATGCCCT-1,1
AGGAATATCGGAGCAA-1,2
AGGACGAAGTCAGAGC-1,1
AGGACGACAGTTCCAA-1,1
AGGACGATCCAATGCA-1,2
AGGACGATCGCTGTCT-1,3
AGGACGATCTTTCCGG-1,1
AGGACTTGTAATGCTC-1,1
AGGACTTTCATTGCGA-1,1
AGGAGGTAGCTAATCC-1,1
AGGAGGTTCAAGCCAT-1,1
AGGATAAAGTGGTCAG-1,2
AGGATAACACGTATAC-1,2
AGGATAACATGTAACC-1,1
AGGATAATCAGGGTAG-1,2
AGGATCTAGTTACTCG-1,1
AGGATCTCAACCAACT-1,2
AGGATCTCAGTGTATC-1,1
AGGCATTCAACAAAGT-1,1
AGGCATTCACCAGGTC-1,1
AGGCATTCACCGTGGT-1,1
AGGCATTCAGACATCT-1,2
AGGCATTCATCCGCGA-1,2
AGGCATTGTGGCCTCA-1,1
AGGCATTTCAAGGTGG-1,2
AGGCATTTCAGCTGAT-1,2
AGGCATTTCCCTTGGT-1,1
AGGCCACGTACCAGAG-1,2
AGGCCACGTCCACACG-1,1
AGGCCACTCTGCAGCG-1,2
AGGCTGCGTCCCAAAT-1,1
AGGCTGCTCTCAGAAC-1,2
AGGGAGTAGACGACGT-1,1
AGGGAGTAGGAGTCTG-1,1
AGGGAGTAGGCGATAC-1,1
AGGGAGTCAAAGGGTC-1,1
AGGGAGTTCGAAGTGG-1,2
AGGGAGTTCTTGCAAG-1,2
AGGGCCTAGGTCGTCC-1,2
AGGGCCTCAAAGGAGA-1,1
AGGGCCTCACGGCGTT-1,1
AGGGCCTGTAAGCGGT-1,1
AGGGCCTGTGCGGCTT-1,1
AGGGCCTGTTGAGTCT-1,1
AGGGCCTTCAACCGAT-1,1
AGGGCCTTCGCTGTCT-1,1
AGGGCTCCATGGCACC-1,2
AGGGCTCGTTCCGCAG-1,1
AGGGCTCTCGGCTGGT-1,1
AGGGTCCCAGGACAGT-1,1
AGGGTGAGTTCCGCAG-1,2
AGGGTTTAGCAGGCTA-1,3
AGGGTTTAGCTGCGAA-1,1
AGGGTTTCAACCCGCA-1,1
AGGGTTTCAGCAATTC-1,3
AGGGTTTGTAACTGCT-1,1
AGGGTTTGTCCAAATC-1,1
AGGGTTTGTCTACTGA-1,2
AGGTAGGAGGAGAGGC-1,2
AGGTAGGCATAAGCAA-1,1
AGGTAGGCATCTCCCA-1,2
AGGTAGGCATGGATCT-1,2
AGGTCATCACGTGAGA-1,1
AGGTCATGTACCTTCC-1,1
AGGTCATGTCGAGCAA-1,1
AGGTCATGTGGACTAG-1,1
AGGTCATGTTGGTACT-1,1
AGGTCTAAGCCTGAAG-1,1
AGGTCTAGTCACCGAC-1,1
AGGTCTAGTTGCACGC-1,1
AGGTCTATCCCGGTAG-1,3
AGGTGTTAGATAGTCA-1,1
AGGTGTTCAATACAGA-1,2
AGGTGTTCACTGCGAC-1,1
AGGTGTTGTACAATAG-1,1
AGGTGTTTCCTGATAG-1,1
AGGTGTTTCTGCCTCA-1,1
AGGTTACAGGTGATCG-1,3
AGGTTACAGGTTAGTA-1,1
AGGTTACAGTATGGCG-1,2
AGGTTACCAACGCCCA-1,1
AGGTTACGTAGGAGGG-1,1
AGGTTACGTCGCATTA-1,1
AGGTTGTAGGACAACC-1,2
AGGTTGTTCTGTTGGA-1,1
AGTAACCCAGACAAGC-1,2
AGTAACCCATACGCAT-1,1
AGTAACCTCGTGGAAG-1,1
AGTACCACAACAGCTT-1,1
AGTACCACAACCGGAA-1,1
AGTACCACAAGAGTGC-1,1
AGTACCATCCACAGCG-1,1
AGTACCATCGACCTAA-1,3
AGTACCATCTTACGGA-1,2
AGTACTGCAGGTATGG-1,2
AGTACTGTCCGCTAGG-1,1
AGTAGCTAGACGGTTG-1,1
AGTAGCTAGCGAACTG-1,2
AGTAGCTAGGCTTCCG-1,3
AGTAGCTGTCACTACA-1,1
AGTAGTCAGCTGAGTG-1,2
AGTAGTCCATGACACT-1,2
AGTAGTCCATGTGCTA-1,1
AGTAGTCGTGCTCTTC-1,1
AGTAGTCGTTCGGCGT-1,1
AGTAGTCTCGGACTTA-1,1
AGTCAACAGAGAGTTT-1,1
AGTCAACCAAGTGGCA-1,1
AGTCAACCACGTACAT-1,2
AGTCAACTCTCTATAC-1,1
AGTCACACATCGATAC-1,1
AGTCACAGTAGGTACG-1,1
AGTCACAGTGTTAGCT-1,1
AGTCACATCATCGCCT-1,2
AGTCACATCGTCGCTT-1,2
AGTCATGCACCCTGAG-1,3
AGTCATGCACGGTCTG-1,1
AGTCATGTCGTACCTC-1,1
AGTCTCCAGTATGGCG-1,1
AGTGACTAGCACTGGA-1,1
AGTGACTCAAATACAG-1,2
AGTGACTCAGACAATA-1,1
AGTGACTGTAACATGA-1,1
AGTGATCTCCTGCTAC-1,1
AGTGCCGAGAAGCTCG-1,2
AGTGCCGAGCCTCATA-1,1
AGTGCCGAGGCATCGA-1,1
AGTGCCGCAGACCTGC-1,2
AGTGCCGGTCACGCTG-1,1
AGTGTTGAGAGTCGAC-1,1
AGTGTTGAGGGCAAGG-1,1
AGTGTTGGTATCGAAA-1,1
AGTGTTGGTCTAATCG-1,2
AGTGTTGGTTCTCACC-1,1
AGTGTTGTCCGTTGAA-1,2
AGTGTTGTCTTTCCAA-1,1
AGTTAGCAGCTGTACT-1,3
AGTTAGCCACCTATCC-1,2
AGTTAGCGTATCTCGA-1,1
AGTTCCCAGAAATTGC-1,3
AGTTCCCAGATTAGAC-1,1
AGTTCCCAGGTAGACC-1,1
AGTTCCCGTTAAGACA-1,1
AGTTCGAAGATGCCGA-1,1
AGTTCGAAGGTGCATG-1,1
AGTTCGACAGCTTTCC-1,2
AGTTCGAGTCGAGCAA-1,1
AGTTCGATCATAAGGA-1,2
AGTTCGATCATGCATG-1,3
AGTTCGATCCCTCGAT-1,1
AGTTCGATCGGATACT-1,1
ATACCGAAGCTGTGCC-1,1
ATACCGACAACGGTAG-1,3
ATACCGATCGCGCTGA-1,2
ATACCTTCACGTGAGA-1,1
ATACCTTGTACAGAGC-1,1
ATACCTTGTGGATGAC-1,1
ATACCTTGTTTGGAAA-1,1
ATACCTTTCCTAGCCT-1,1
ATACTTCAGCCGCTTG-1,2
ATACTTCAGGACAAGA-1,1
ATACTTCCACCAGGTC-1,1
ATACTTCCAGAAACCG-1,1
ATAGACCAGCTCCATA-1,3
ATAGACCCAAGGTCTT-1,2
ATAGACCCAATGGGTG-1,1
ATAGACCCACATGAAA-1,1
ATAGACCGTGCCTTTC-1,1
ATAGACCTCAGCGCAC-1,1
ATAGACCTCATCGTAG-1,1
ATAGACCTCGACGCGT-1,1
ATAGAGAAGGGACTGT-1,1
ATAGAGAAGGGTGAGG-1,1
ATAGAGATCTGGCCAG-1,2
ATAGGCTAGGAGTATT-1,2
ATAGGCTAGGTGATAT-1,1
ATAGGCTGTGGCTGAA-1,1
ATAGGCTTCTCTGACC-1,2
ATATCCTGTTGGAGGT-1,1
ATCACAGAGTCGAGGT-1,1
ATCACAGCACACCGAC-1,1
ATCACAGCACAGTGTT-1,1
ATCACAGCACTGATTG-1,1
ATCACGACATCAGCAT-1,1
ATCACGAGTCTACAAC-1,2
ATCACGATCTAACGCA-1,1
ATCACTTCAGATTTCG-1,1
ATCACTTCAGCTGCCA-1,1
ATCACTTCAGCTTCGG-1,2
ATCACTTGTGCGTGCT-1,1
ATCACTTTCCGAAATC-1,2
ATCAGGTAGAGCAGAA-1,1
ATCAGGTCATCGCTCT-1,1
ATCAGGTTCCCAGCGA-1,1
ATCATTCGTCCAAAGG-1,3
ATCATTCGTTACCGTA-1,1
ATCATTCGTTGCGTAT-1,2
ATCATTCTCACAACCA-1,2
ATCATTCTCTGGCTGG-1,1
ATCCACCAGAATCGTA-1,1
ATCCACCAGACATATG-1,1
ATCCACCGTCTTGCGG-1,1
ATCCACCGTGGCATCC-1,1
ATCCATTCAGCACCCA-1,2
ATCCATTGTGCGAACA-1,1
ATCCATTTCTACACAG-1,1
ATCCCTGAGTCCCAAT-1,1
ATCCCTGCACCTCTGT-1,1
ATCCCTGGTATGCTAC-1,1
ATCCGTCAGTAACAGT-1,1
ATCCGTCCAAGGATGC-1,1
ATCCGTCCAATGAAAC-1,1
ATCCGTCCATGATGCT-1,2
ATCCGTCGTGGACTAG-1,1
ATCCGTCTCCGCGGAT-1,3
ATCCTATAGAACTTCC-1,1
ATCCTATCAGATGCGA-1,2
ATCCTATCAGTCCCGA-1,1
ATCCTATGTGTCTAAC-1,1
ATCCTATTCCTACACC-1,3
ATCGATGAGACTCAAA-1,1
ATCGATGAGTATGGAT-1,2
ATCGATGCAACTTGCA-1,1
ATCGATGTCGCTGTCT-1,1
ATCGCCTAGTAAGACT-1,1
ATCGCCTAGTAGGTTA-1,1
ATCGCCTCAAGCTGCC-1,1
ATCGCCTCACGAGGAT-1,1
ATCGCCTCAGGGTTGA-1,2
ATCGCCTGTAGCCAGA-1,1
ATCGCCTGTCAACCTA-1,1
ATCGCCTGTGAACTAA-1,1
ATCGGATCACGTGTGC-1,2
ATCGGCGAGTAGGTTA-1,1
ATCGGCGCACGTACAT-1,1
ATCGGCGCACTTACAG-1,1
ATCGTAGGTGAATGTA-1,2
ATCGTAGGTGGAAATT-1,1
ATCGTAGTCATGGTAC-1,1
ATCGTCCAGCCTTTGA-1,1
ATCGTCCAGCGGACAT-1,1
ATCGTCCAGGGAGATA-1,1
ATCGTCCTCAGAATAG-1,1
ATCGTGAAGATGCTGG-1,1
ATCGTGAAGGTAGTCG-1,1
ATCGTGAGTAGTCACT-1,1
ATCGTGAGTTTGCAGT-1,2
ATCTCTACAAGCGGAT-1,1
ATCTCTACAATTAGGA-1,1
ATCTCTACACACCTAA-1,3
ATCTCTACACTACACA-1,1
ATCTCTACATGACGTT-1,1
ATCTTCAGTTCTCGTC-1,1
ATGAAAGAGGATACGC-1,1
ATGAAAGGTCAGGTGA-1,1
ATGAAAGGTGTAGGAC-1,1
ATGAAAGGTTGTTGCA-1,2
ATGAAAGTCACGAGGA-1,2
ATGACCAAGGACCCAA-1,2
ATGACCACAAGTGGTG-1,1
ATGACCAGTATTCCTT-1,3
ATGACCAGTGCCGTAC-1,1
ATGACCATCTCCCTAG-1,2
ATGAGGGAGCGTCGAA-1,1
ATGAGGGAGTGATGGC-1,1
ATGAGGGCAATTAGGA-1,2
ATGAGGGCACACGTGC-1,2
ATGAGGGTCATCGTAG-1,1
ATGAGGGTCCGATGTA-1,2
ATGAGTCAGGAACGTC-1,1
ATGAGTCCAACCAATC-1,1
ATGAGTCCATACTGTG-1,1
ATGAGTCGTCCCGGTA-1,1
ATGAGTCTCATGAAAG-1,2
ATGATCGAGCATCCTA-1,1
ATGATCGCAGCCCACA-1,1
ATGATCGTCGAACCTA-1,1
ATGCATGAGCGGACAT-1,1
ATGCATGGTCCTATAG-1,1
ATGCATGGTCTTCGAA-1,1
ATGCATGGTTGTTGCA-1,1
ATGCCTCCACCGTCTT-1,2
ATGCGATCACAGGATG-1,1
ATGCGATTCCATGAGT-1,2
ATGCGATTCGGTATGT-1,1
ATGGAGGAGTAAGACT-1,3
ATGGAGGCACTGTGAT-1,1
ATGGAGGCAGATTTCG-1,1
ATGGAGGCATCCGTGG-1,1
ATGGAGGTCATCTACT-1,1
ATGGAGGTCCCGAACG-1,1
ATGGATCCAATCGCAT-1,1
ATGGATCGTACTAAGA-1,1
ATGGGAGAGTGCTACT-1,1
ATGGGAGCACTGCGAC-1,1
ATGGGAGCAGGCACTC-1,1
ATGGGAGGTTTGTTGG-1,1
ATGGGAGTCGAGTTGT-1,1
ATGGGTTAGAATAACC-1,1
ATGGGTTGTACTTGTG-1,1
ATGGGTTGTTCCACAA-1,1
ATGGGTTGTTCGTAAC-1,1
ATGGGTTTCAGTCACA-1,1
ATGGTTGAGCATGCGA-1,1
ATGGTTGAGGTGAGAA-1,1
ATGGTTGCAAGGCGTA-1,1
ATGTCCCCAACGGCTC-1,2
ATGTCCCCAGCGTAGA-1,1
ATGTCTTAGCAAGTCG-1,1
ATGTCTTAGGCGACAT-1,1
ATGTCTTCAATCGCCG-1,1
ATGTCTTCACAGTATC-1,1
ATGTCTTGTTGGAGAC-1,2
ATGTCTTTCGCGAAGA-1,1
ATTACTCCACTTCTCG-1,1
ATTACTCCAGTGCCTG-1,1
ATTACTCTCTGTCGTC-1,2
ATTATCCAGAGAGGGC-1,2
ATTATCCAGAGGGTCT-1,1
ATTATCCAGCGTTCCG-1,1
ATTATCCAGGAGCTGT-1,1
ATTATCCAGTCTAGAA-1,1
ATTCACTAGCGTTACT-1,1
ATTCACTAGTGGAAGA-1,3
ATTCAGGGTGGTAATA-1,1
ATTCAGGTCTTCGGAA-1,3
ATTCATCCAAGTCCCG-1,1
ATTCATCGTATTGGCT-1,1
ATTCATCGTCGAGCAA-1,1
ATTCCATCATTGAGGG-1,1
ATTCCATGTTGTGTTG-1,1
ATTCCATTCGCTGCGA-1,1
ATTCCCGGTACAAACA-1,2
ATTCCCGTCCAAATGC-1,1
ATTCCTAAGATGAATC-1,1
ATTCCTAAGTAAACAC-1,1
ATTCCTACATTGTGCA-1,1
ATTCGTTCAAGCTCTA-1,1
ATTCGTTTCAGTCATG-1,1
ATTCGTTTCTTCCCAG-1,2
ATTCTACAGCGTTAGG-1,1
ATTCTACGTTAGGCCC-1,1
ATTCTTGAGATTGGGC-1,2
ATTCTTGAGTGCAACG-1,1
ATTCTTGCAGTCTTCC-1,1
ATTCTTGTCTTCGATT-1,1
ATTGGGTTCTATACTC-1,1
ATTGTTCAGAGCATAT-1,1
ATTGTTCCACGGCACT-1,2
ATTGTTCCATCTCGTC-1,1
ATTGTTCGTCTGTTAG-1,1
ATTGTTCTCCGGTAAT-1,2
ATTTACCAGATGCTAA-1,1
ATTTACCGTCTCAAGT-1,1
ATTTACCTCACGGGCT-1,1
ATTTACCTCATGCATG-1,1
ATTTACCTCATGTCAG-1,1
ATTTCACCACAGAGAC-1,1
ATTTCACCATCCCACT-1,1
ATTTCACGTAGCGTCC-1,2
ATTTCACGTCCCTGTT-1,1
ATTTCACTCCCTGTTG-1,1
ATTTCTGGTCCAGGTC-1,2
ATTTCTGTCATCGTAG-1,1
ATTTCTGTCCCATACC-1,1
ATTTCTGTCTTGGTCC-1,1
CAAAGAAGTATTGCCA-1,1
CAAAGAAGTCAAAGTA-1,1
CAAAGAAGTCTGCCTT-1,1
CAAAGAATCCTCTCTT-1,2
CAAAGAATCTGTACAG-1,1
CAACAACAGGGCTTCC-1,1
CAACAACGTCAGTCTA-1,1
CAACAACTCTAACGGT-1,3
CAACAACTCTAGCAAC-1,2
CAACAACTCTGCAGCG-1,1
CAACAGTAGATAGTCA-1,1
CAACAGTAGTGCACTT-1,1
CAACAGTAGTTAACGA-1,1
CAACAGTCAATGCAGG-1,1
CAACAGTTCAGCCTTC-1,1
CAACAGTTCATTTGCT-1,2
CAACAGTTCTTTCCGG-1,1
CAACCAACAACGCATT-1,1
CAACCAACAATATCCG-1,1
CAACCAACAATGTTGC-1,2
CAACCAACATTCGATG-1,1
CAACCAAGTTACGCCG-1,1
CAACCAATCAATCAGC-1,1
CAACCTCTCATTCACT-1,3
CAACCTCTCTAGTGAC-1,1
CAACGATAGGATATAC-1,1
CAACGATCATAAGCGG-1,1
CAACGGCAGACTAAGT-1,1
CAACGGCCACTCGATA-1,2
CAACGGCCAGCACCCA-1,1
CAACGGCGTTGCTGAT-1,1
CAAGACTAGGCGAAGG-1,3
CAAGACTCACAAGTGG-1,1
CAAGACTCAGAGGTAC-1,3
CAAGACTCAGGGATAC-1,3
CAAGACTTCGTGAGAG-1,2
CAAGAGGCAATCTGCA-1,1
CAAGAGGCATACGCAT-1,1
CAAGAGGCATTAAGCC-1,2
CAAGAGGGTTCTTGTT-1,1
CAAGAGGTCCTAGAGT-1,1
CAAGCTACAGATTTCG-1,1
CAAGCTATCGAACTCA-1,1
CAAGGGAAGAGGTATT-1,1
CAAGGGAAGATACATG-1,1
CAAGGGACACCGTGCA-1,1
CAAGGGACACCTGATA-1,3
CAAGGGAGTTGCTGAT-1,3
CAAGGGAGTTGTGGCC-1,1
CAAGGGATCGACTCCT-1,1
CAAGGGATCTTCGGAA-1,3
CAATACGAGCGTGTCC-1,1
CAATACGCAAGTCATC-1,1
CAATACGGTATACCCA-1,3
CAATACGTCCCAAGTA-1,2
CAATCGAAGCTATCTG-1,1
CAATCGAAGTGAGCCA-1,1
CAATCGATCACTCCGT-1,1
CAATCGATCCTGCCAT-1,3
CAATCGATCGAGCCAC-1,1
CAATCGATCTGTGTGA-1,1
CAATGACCATAACTCG-1,1
CAATTTCAGACCAAAT-1,1
CAATTTCAGCATTTGC-1,2
CAATTTCAGTCAGCCC-1,1
CAATTTCCAATACCCA-1,2
CAATTTCGTATACAGA-1,2
CAATTTCGTTTACGAC-1,1
CAATTTCTCGAGAGAC-1,1
CAATTTCTCTATACTC-1,1
CACAACAAGCGAGGAG-1,1
CACAACACATCCGTGG-1,1
CACAACAGTATCCTTT-1,1
CACACAAAGCAGGTCA-1,1
CACACAACAAGCGGAT-1,1
CACACAACACAGTATC-1,1
CACACAAGTATGGAAT-1,1
CACACAAGTATTGAGA-1,1
CACACAAGTGGCTACC-1,1
CACACAATCACGTAGT-1,1
CACACAATCCATCGTC-1,1
CACAGATCAACACAAA-1,3
CACAGATGTGAGATAT-1,1
CACAGATTCAAGATAG-1,1
CACAGATTCTCGTTTA-1,1
CACAGGCAGACAGCTG-1,1
CACAGGCAGTATGTAG-1,1
CACAGGCCAGTGGCTC-1,1
CACAGGCTCGTTGTAG-1,1
CACATGAAGCGTTCAT-1,2
CACATGAAGGGCAAGG-1,3
CACATGAAGTGTTCCA-1,1
CACATGAGTATCATGC-1,1
CACATGAGTCATCTAG-1,1
CACATGAGTGTATCCA-1,1
CACATGATCCATCTAT-1,1
CACCAAAAGAGCAGTC-1,3
CACCAAAAGGTAGTCG-1,1
CACCAAACATGATAGA-1,1
CACCGTTCAGCGTATT-1,1
CACCGTTTCCGCAACG-1,1
CACCGTTTCGAACTCA-1,1
CACGAATAGCCAACCC-1,2
CACGAATAGTATAGAC-1,1
CACGAATCAAGTGACG-1,1
CACGAATCACGGTAGA-1,1
CACGAATGTCTCCCTA-1,1
CACGAATGTGATACCT-1,2
CACGAATGTTCTCCAC-1,1
CACGGGTAGATGCTTC-1,1
CACGGGTCACCGAATT-1,2
CACGGGTGTGTGTCGC-1,1
CACGGGTTCAATCAGC-1,1
CACGTGGCACCTAAAC-1,1
CACGTGGGTACCCGAC-1,3
CACGTGGGTCAACATC-1,2
CACGTGGGTTAGGGAC-1,1
CACGTGGTCCTCAGAA-1,2
CACTAAGAGGTTTACC-1,2
CACTAAGAGTTGCTGT-1,1
CACTAAGCACACAGCC-1,1
CACTAAGCACAGCCAC-1,1
CACTAAGCAGTGAGCA-1,1
CACTAAGGTGTTTGCA-1,1
CACTAAGGTTGGATCT-1,2
CACTAAGTCTCGACCT-1,1
CACTGAACAGGTGTTT-1,1
CACTGAACATACAGGG-1,2
CACTGAACATTAAAGG-1,1
CACTGAAGTCATAGTC-1,1
CACTGAATCACTTGTT-1,2
CACTGAATCAGGAACG-1,3
CACTGGGAGACAAGCC-1,2
CACTGGGCATCGATCA-1,2
CACTGTCAGGAGTACC-1,1
CACTGTCCACCCTATC-1,1
CACTGTCGTCCATACA-1,2
CACTGTCTCACTGGGC-1,1
CACTTCGAGCCATTTG-1,1
CACTTCGAGGTGCTGA-1,1
CACTTCGAGTAGTCTC-1,1
CACTTCGCAATGCTCA-1,1
CACTTCGCATGTAACC-1,1
CACTTCGGTGATAGAT-1,1
CAGATACAGATAGCTA-1,1
CAGATACGTGAATTGA-1,1
CAGATACGTTTCGTGA-1,1
CAGATCAAGGCAGTCA-1,1
CAGATCAGTCCATCTC-1,1
CAGATCAGTTCTCTAT-1,1
CAGATCATCAGCGCAC-1,2
CAGATTGAGGTGCCAA-1,2
CAGATTGAGTACGAGC-1,2
CAGATTGCAATACAGA-1,2
CAGATTGCACAGTACT-1,1
CAGATTGTCCTCTCGA-1,2
CAGATTGTCTGCATGA-1,2
CAGCACGAGGGTACAC-1,2
CAGCACGCAAAGCGTG-1,1
CAGCACGGTCAACGCC-1,1
CAGCAGCAGTAAGAGG-1,1
CAGCAGCCACGCCACA-1,3
CAGCAGCGTGGTCAAG-1,2
CAGCAGCTCCCATAAG-1,1
CAGCCAGGTTGCTCCT-1,1
CAGCCAGTCAGAATAG-1,3
CAGCCAGTCCAACTGA-1,1
CAGCCAGTCTCTATAC-1,1
CAGCGTGCAATCCTAG-1,1
CAGGCCAAGTATGACA-1,1
CAGGCCAAGTCACAGG-1,1
CAGGCCACACGCGTGT-1,1
CAGGCCACAGACACAG-1,1
CAGGCCACATATCTGG-1,1
CAGGCCAGTTCTCCTG-1,1
CAGGGCTCACAACGTT-1,1
CAGGGCTGTCGTGGTC-1,1
CAGGGCTTCACTTATC-1,1
CAGGGCTTCTACGCAA-1,2
CAGGTATAGGCCGCTT-1,2
CAGGTATCACTACCGG-1,2
CAGGTATTCTCTGCCA-1,1
CAGTGCGCATGAGAAT-1,2
CAGTGCGGTCGGTGTC-1,1
CAGTTAGAGACCAGCA-1,1
CAGTTAGAGACGGTTG-1,2
CAGTTAGCAACCGACC-1,2
CAGTTAGCAATCGCCG-1,1
CAGTTAGGTCCGGTCA-1,2
CAGTTCCAGCGACATG-1,1
CAGTTCCGTCCAAAGG-1,1
CAGTTCCGTGAAGCTG-1,1
CATAAGCCATCGTTCC-1,1
CATAAGCGTAACGGTG-1,1
CATAAGCGTAATACCC-1,1
CATAAGCGTATAGCTC-1,1
CATAAGCGTGAGAACC-1,1
CATAAGCGTGCTCGTG-1,1
CATACAGAGACGCAGT-1,1
CATACAGAGGTGATAT-1,1
CATACAGCAAAGCAAT-1,1
CATACCCGTATCGCAT-1,1
CATACCCTCGCCTTTG-1,1
CATACTTAGATGCTAA-1,1
CATACTTGTCGCTTGG-1,1
CATACTTGTTACGGAG-1,1
CATACTTTCAATCTCT-1,1
CATAGACAGGCCTAGA-1,1
CATAGACCAACCAGAG-1,1
CATAGACCAGGTAGTG-1,1
CATAGACGTCTTGGTA-1,3
CATAGACGTTCTGACA-1,1
CATCAAGAGATTACCC-1,1
CATCAAGAGGCGAAGG-1,1
CATCAAGCATCGCTCT-1,1
CATCAAGGTACTGACT-1,1
CATCAAGTCGAGTTGT-1,1
CATCCACGTTCCACGG-1,1
CATCCACGTTTCCAAG-1,2
CATCCCAAGATGCCGA-1,1
CATCCCAAGCGTGTCC-1,1
CATCCCAGTATCCTTT-1,1
CATCCCAGTTCTCTAT-1,1
CATCCCATCGTGGCGT-1,1
CATCCGTAGAAGTATC-1,1
CATCCGTAGGCTGAAC-1,1
CATCCGTAGGGATCAC-1,1
CATCCGTGTCATCTAG-1,1
CATCGCTAGCCTAACT-1,3
CATCGCTAGTGCAACG-1,3
CATCGCTCACTCTCGT-1,1
CATCGCTGTCGCACGT-1,1
CATCGGGAGAGAAGGT-1,1
CATCGGGCACTAGTAC-1,1
CATCGGGGTGAGCAGT-1,2
CATCGGGTCGTCGATA-1,2
CATCGTCAGATCACCT-1,1
CATCGTCCAGCTATAC-1,1
CATGAGTGTACGATCT-1,1
CATGAGTGTTAAGGAT-1,1
CATGAGTTCGATGCAT-1,2
CATGCAACACCCTCTA-1,1
CATGCAAGTGACATCT-1,1
CATGCAAGTTACACAC-1,1
CATGCAAGTTGACGGA-1,1
CATGCAATCCACGTCT-1,1
CATGCAATCTGATTCT-1,2
CATGCCTAGCAAGCCA-1,1
CATGCCTGTACCGGAA-1,1
CATGCCTGTGAATTAG-1,1
CATGCCTGTGACTATC-1,1
CATGCCTTCAGACATC-1,3
CATGCCTTCCTCTCGA-1,1
CATGCGGAGCCGATTT-1,3
CATGCGGAGCGGTAAC-1,1
CATGCGGAGGCTCAAG-1,1
CATGCGGCACGAAGAC-1,2
CATGCGGTCCCAAGCG-1,1
CATGCGGTCGCGTCGA-1,1
CATGCTCAGTTGCGCC-1,3
CATGCTCCAACCAGAG-1,3
CATGCTCCAGCATGCC-1,1
CATGCTCTCAAGAGTA-1,1
CATGGATCAATCCTAG-1,1
CATGGATCAATGAACA-1,1
CATGGATCAGCTGAAG-1,1
CATGGATGTCCAGGTC-1,1
CATGGATTCGTAACTG-1,1
CATGGATTCTCATTAC-1,1
CATGGATTCTGACGCG-1,1
CATGGATTCTGTCGCT-1,1
CATGGTAAGGAGAGGC-1,3
CATGGTAAGGTCGTAG-1,1
CATGGTAAGTCTTCGA-1,1
CATGGTACAGAAACCG-1,2
CATGGTACATGCCGCA-1,1
CATGGTAGTATCGCAT-1,1
CATGGTAGTTCTATCT-1,1
CATGGTAGTTGTATGC-1,2
CATTCATAGGTCTGGA-1,2
CATTCATGTAATTGGA-1,1
CATTCATGTCGTCTCT-1,1
CATTCATGTTATTCCT-1,2
CATTCCGCACTTCATT-1,3
CATTCCGGTACCCGCA-1,2
CATTCCGTCAATCTCT-1,1
CATTCTACAGATCCTA-1,1
CATTCTAGTTAGGGTG-1,2
CATTGAGAGAGACAAG-1,1
CATTGAGCAATAGTCC-1,1
CATTGAGTCGTAGCCG-1,3
CATTGCCCAGACCAGA-1,1
CATTGCCCATACAGAA-1,2
CATTGCCGTCTCTCAC-1,1
CATTGCCGTGTTAAAG-1,2
CATTGCCGTTGGTGTT-1,3
CATTGCCGTTTCCCAC-1,1
CATTGCCTCATCGGGC-1,2
CATTGTTCACGGTGTC-1,1
CATTGTTGTCTGTCAA-1,2
CATTGTTTCAAAGCCT-1,1
CATTTCACATAATGAG-1,1
CATTTCACATTAGGAA-1,2
CATTTCATCTTGCAAG-1,1
CCAAGCGAGTACAGCG-1,1
CCAAGCGGTCTGTCCT-1,2
CCAAGCGGTCTTCATT-1,1
CCAAGCGTCAAAGCCT-1,3
CCAAGCGTCTCGTGGG-1,1
CCAATGAAGCACCTGC-1,1
CCAATGACACCTGTCT-1,1
CCAATGACACGACAGA-1,2
CCAATGATCAAGAGTA-1,1
CCAATGATCAGTCTTT-1,1
CCAATTTCAAGAATAC-1,1
CCAATTTGTCAAGCGA-1,1
CCAATTTTCCCGAGTG-1,1
CCAATTTTCGTCTAAG-1,1
CCACAAATCCGAACGC-1,2
CCACAAATCCGCAAAT-1,1
CCACACTAGGTGCGAT-1,1
CCACACTCAGCGGTTC-1,2
CCACACTGTGAGACGT-1,1
CCACACTGTTCAACGT-1,2
CCACACTTCGCTTGAA-1,2
CCACCATAGAAATTGC-1,2
CCACCATAGTCTGGTT-1,1
CCACCATGTCATATGC-1,1
CCACCATGTTCAAGTC-1,3
CCACCATTCAACGAGG-1,2
CCACCATTCCCGAGAC-1,1
CCACGAGCAGATCATC-1,1
CCACGAGCATTATGCG-1,1
CCACGTTAGCGTCTGC-1,3
CCACGTTAGCGTGCCT-1,2
CCACGTTAGGTGATCG-1,2
CCACGTTAGGTTATAG-1,1
CCACGTTCAGCTCCTT-1,1
CCACGTTCATACTGAC-1,1
CCACGTTCATCTATCT-1,3
CCACGTTGTACCACGC-1,1
CCACGTTGTCTACAAC-1,1
CCACTTGGTAACATCC-1,3
CCATAAGAGGCTGTAG-1,1
CCATAAGCATAGATCC-1,1
CCATAAGTCCCTCGTA-1,2
CCATAAGTCGCTGACG-1,1
CCATCACCAGTACTAC-1,1
CCATCACGTTACCGTA-1,1
CCATCACTCCGGCAGT-1,1
CCATCACTCGTAACTG-1,2
CCCAACTGTGGAATGC-1,3
CCCATTGAGAGGCGTT-1,1
CCCATTGCAAGCCATT-1,1
CCCATTGGTGTGCTTA-1,3
CCCATTGTCGAAATCC-1,1
CCCGAAGAGGAAAGGT-1,1
CCCGAAGGTCAGACTT-1,2
CCCGAAGTCTACAGGT-1,3
CCCGGAACAACCGCCA-1,1
CCCGGAACACTCCGAG-1,2
CCCGGAACATGTAACC-1,1
CCCGGAAGTTATAGAG-1,1
CCCGGAAGTTGGCCGT-1,1
CCCTAACAGCAGCCTC-1,1
CCCTAACCACGGAAGT-1,2
CCCTAACGTACCGTGC-1,1
CCCTAACGTTAGGCTT-1,2
CCCTCAAAGGCATCAG-1,2
CCCTCAACAACTGAAA-1,1
CCCTCAACACAGCGCT-1,1
CCCTCAACACTCGATA-1,2
CCCTCAACATGATAGA-1,1
CCCTCAATCAGTGGGA-1,1
CCCTCTCAGCAAGTCG-1,1
CCCTCTCAGTCCCTAA-1,1
CCCTCTCCACCCTAGG-1,1
CCCTCTCCATTGGGAG-1,1
CCCTCTCGTATAGGGC-1,1
CCCTCTCGTGCCAAGA-1,2
CCCTCTCTCTTCTAAC-1,1
CCCTGATAGCAAATGT-1,1
CCCTGATGTGTTATCG-1,1
CCCTTAGTCAAGAAAC-1,2
CCCTTAGTCTCTCTTC-1,1
CCGAACGAGAAACTAC-1,3
CCGAACGAGGATTCAA-1,1
CCGAACGCACATACGT-1,1
CCGAACGCACTTGTGA-1,1
CCGAACGGTCTAGTGT-1,2
CCGAACGGTTCTTGCC-1,1
CCGATCTAGTGGAAAG-1,1
CCGATCTCAATATCCG-1,1
CCGATCTCAGCGATTT-1,1
CCGATCTCATAATGCC-1,1
CCGATCTTCCCTTTGG-1,2
CCGATCTTCTAGTCAG-1,3
CCGATGGCAGGCTTGC-1,1
CCGCAAGAGCTCTGTA-1,1
CCGCAAGCATAATGAG-1,1
CCGCAAGGTACGAGCA-1,3
CCGCAAGTCTAGCCAA-1,1
CCGGACACAGTCTTCC-1,3
CCGGACAGTCACATTG-1,1
CCGGACATCCAAGCCG-1,1
CCGGACATCCCAGTGG-1,2
CCGGGTAAGTTGGAAT-1,1
CCGGGTAGTCTTCGAA-1,1
CCGGGTAGTGAATTAG-1,2
CCGGGTATCCACGGAC-1,2
CCGGTAGAGCAATTAG-1,1
CCGGTAGCAAGCGCAA-1,1
CCGGTGACACGACAGA-1,1
CCGGTGAGTAGCTAAA-1,1
CCGGTGAGTCAACCTA-1,1
CCGGTGAGTCACTACA-1,1
CCGGTGAGTGCGACAA-1,2
CCGGTGATCAACCGAT-1,1
CCGTAGGAGATAACGT-1,1
CCGTAGGAGGTTGCCC-1,1
CCGTAGGGTCGTTCAA-1,1
CCGTGAGAGGTTGGAC-1,1
CCGTGAGGTATGAAGT-1,2
CCGTGAGGTCCAATCA-1,1
CCGTTCAAGTGGAAGA-1,1
CCGTTCATCAACTGGT-1,1
CCGTTCATCTAGCCAA-1,1
CCGTTCATCTTGAGCA-1,1
CCTAACCAGTTACGAA-1,2
CCTAACCAGTTTCGAC-1,2
CCTAACCCAGCGCGTT-1,1
CCTAACCGTAGCTTGT-1,1
CCTAAGAAGCCGAACA-1,1
CCTAAGAAGCGGGTAT-1,1
CCTAAGAAGGATGAGA-1,1
CCTAAGACAGCTTCCT-1,1
CCTAAGAGTATGGTAA-1,1
CCTAAGAGTCAGCTTA-1,1
CCTAAGAGTTTGATCG-1,1
CCTACGTAGCATCAAA-1,2
CCTACGTAGTTGCATC-1,1
CCTACGTTCATGGGAG-1,1
CCTATCGAGGGAGATA-1,1
CCTATCGGTTGTCAGT-1,1
CCTCAACAGCTGTCCG-1,1
CCTCAACCACATAACC-1,1
CCTCAACCAGTTGTCA-1,1
CCTCACAAGAGCAACC-1,3
CCTCACACACGTAACT-1,1
CCTCACAGTAGCGTTT-1,1
CCTCACAGTGAATGAT-1,1
CCTCACATCACGGGCT-1,1
CCTCACATCAGCAATC-1,3
CCTCACATCGTGGTAT-1,1
CCTCAGTAGATAGCTA-1,1
CCTCAGTAGCATAGGC-1,1
CCTCAGTCAGTCAGAG-1,1
CCTCAGTTCATCTATC-1,3
CCTCATGGTACGATTC-1,2
CCTCATGGTCAAAGAT-1,1
CCTCATGGTCTCGGGT-1,1
CCTCCAAAGCAATTCC-1,2
CCTCCAAAGCGTTGTT-1,2
CCTCCAAAGTACTGTC-1,1
CCTCCAAAGTCTGCAT-1,1
CCTCCAAAGTGAGGTC-1,1
CCTCCAACACATAGCT-1,1
CCTCCAAGTCGTACTA-1,1
CCTCCAATCAGTCATG-1,2
CCTCCTCAGGAACGTC-1,2
CCTCTAGAGTTACGTC-1,1
CCTCTAGGTCCCTAAA-1,1
CCTCTAGTCTGCTTAT-1,2
CCTCTCCCATCCTTGC-1,1
CCTGTTGAGTACAACA-1,1
CCTGTTGCAATAGAGT-1,1
CCTGTTGCATCTTTCA-1,1
CCTGTTGTCAAAGCCT-1,1
CCTGTTGTCCCACAGG-1,3
CCTGTTGTCTTCACAT-1,1
CCTTCAGGTATTGGCT-1,1
CCTTCAGTCGCTACAA-1,1
CCTTGTGAGACCACGA-1,1
CCTTGTGCAGACCGCT-1,2
CCTTGTGCATCTTCGC-1,1
CCTTGTGTCCCATACC-1,1
CCTTGTGTCCCGAAAT-1,1
CCTTTGGAGATACGAT-1,1
CCTTTGGAGATCCTAC-1,1
CCTTTGGTCACGACTA-1,1
CCTTTGGTCGGCATTA-1,1
CGAAGGAAGTAAGGGA-1,1
CGAAGGACAAGGTACG-1,1
CGAAGGACATAGTCAC-1,1
CGAAGTTAGCTCACTA-1,1
CGAAGTTAGGGCCCTT-1,1
CGAAGTTAGGTAGGCT-1,1
CGAAGTTCACACGGAA-1,2
CGAAGTTCACTTACAG-1,2
CGAAGTTCATTCTGTT-1,1
CGAAGTTGTCGCTGCA-1,1
CGAAGTTGTTAGGAGC-1,1
CGAATTGAGTGAATAC-1,1
CGAATTGCAGAGTGTG-1,2
CGAATTGCAGGTGACA-1,1
CGAATTGGTCGTTGCG-1,1
CGACAGCCAGTAGAGC-1,1
CGAGAAGAGAAGCGAA-1,1
CGAGAAGCAAGAGCTG-1,2
CGAGAAGCATCCAACA-1,1
CGAGAAGTCGTTGTGA-1,2
CGAGGAAAGCCGATTT-1,2
CGAGGAACACTCGATA-1,1
CGAGGAAGTAGAGTTA-1,3
CGAGGAATCACGTAGT-1,1
CGAGGCTAGAAACCCG-1,1
CGAGGCTAGAGCATTA-1,2
CGAGGCTAGGTCCGAA-1,1
CGAGGCTGTATGCGGA-1,1
CGAGGCTTCATGCAGT-1,1
CGAGTGCGTGCCTTCT-1,1
CGAGTTAAGAGTGTTA-1,1
CGAGTTACACAACATC-1,1
CGAGTTACACTATCGA-1,1
CGAGTTATCACGGAGA-1,1
CGAGTTATCCACAGGC-1,1
CGATCGGAGGGCAGAG-1,1
CGATCGGAGGGCATGT-1,1
CGATCGGCAGGAAGTC-1,1
CGATGCGAGGTCGCCT-1,2
CGATGCGTCCATATGG-1,1
CGATGGCAGATGGCAC-1,3
CGATGGCCAAGGGTCA-1,1
CGATGGCCAGCGCGTT-1,1
CGATGGCTCTGTAACG-1,2
CGATGGCTCTTACGGA-1,1
CGCAGGTAGACAGCTG-1,2
CGCAGGTAGTTAGTGA-1,1
CGCAGGTCACCTGAAT-1,1
CGCATAAAGAACTCCT-1,3
CGCATAAAGAGGGCGA-1,2
CGCATAAAGTGTTGTC-1,1
CGCATAACAGGCGTTC-1,2
CGCATAACATGCTGCG-1,2
CGCATAATCAGAACCT-1,1
CGCATAATCATCTACT-1,3
CGCATAATCTGATGGT-1,1
CGCATAATCTTGGGCG-1,2
CGCATGGAGTCGGCAA-1,1
CGCATGGCAGCATCTA-1,2
CGCATGGGTGTCATCA-1,3
CGCATGGGTTAGGCTT-1,1
CGCATGGTCTTACACT-1,2
CGCCAGAAGCAAGTGC-1,2
CGCCAGAAGCATACTC-1,1
CGCCAGACAAACCGGA-1,2
CGCCAGATCCAGTTCC-1,1
CGCCATTAGGTGCCAA-1,1
CGCCATTAGTAAATGC-1,3
CGCCATTGTCTACATG-1,1
CGCGTGAAGACATGCG-1,1
CGCGTGAAGCTGAGCA-1,1
CGCGTGAAGTTGGCTT-1,2
CGCGTGACACTGCATA-1,1
CGCGTGATCTTTGCAT-1,3
CGGAACCAGCCATTGT-1,2
CGGAACCAGCGTTAGG-1,1
CGGAACCCATGGTGGA-1,1
CGGAACCGTAGCGTAG-1,1
CGGAACCGTTCAGTAC-1,1
CGGAATTAGTGAATAC-1,1
CGGAATTTCACTTGGA-1,2
CGGAATTTCTGGGATT-1,1
CGGACACAGCGCCGTT-1,2
CGGACACGTTGCACGC-1,1
CGGAGAAAGATTGAGT-1,2
CGGAGAAAGGTGGTTG-1,1
CGGAGAAGTTTCTTAC-1,1
CGGAGAATCTATCGCC-1,1
CGGCAGTCAGCGGTTC-1,1
CGGCAGTGTAGCGTTT-1,1
CGGCAGTTCCTTATCA-1,3
CGGGACTCACATGAAA-1,2
CGGGACTTCATCTATC-1,1
CGGGACTTCCTCAGGG-1,3
CGGGCATAGCGGGTTA-1,2
CGGGCATCATCAGCGC-1,2
CGGGCATGTGTTAGCT-1,2
CGGGTCAAGTGCGACA-1,1
CGGGTCAGTTTCGCTC-1,2
CGGGTCATCGCACTCT-1,1
CGGGTGTAGACAGCGT-1,1
CGGTCAGAGCACCGAA-1,1
CGGTCAGCAATTGCAC-1,2
CGGTCAGCATCACAGT-1,1
CGGTCAGGTTGCCAAT-1,1
CGGTCAGTCCAGCTCT-1,1
CGTAAGTAGTGGAATT-1,1
CGTAAGTCAGAGAGGG-1,2
CGTAAGTGTTACCCAA-1,1
CGTAAGTGTTCTTGCC-1,3
CGTAATGAGTCCCGAC-1,1
CGTAATGGTCACAATC-1,1
CGTAATGTCGGTGTAT-1,1
CGTAGTACAACACGAG-1,1
CGTAGTAGTGTCCAAT-1,1
CGTCAAACAATGAGCG-1,1
CGTCAAAGTAGGTTTC-1,2
CGTCAAAGTGCCCACA-1,2
CGTCAAATCGCGTAGC-1,1
CGTCAAATCTGGCTGG-1,1
CGTCCATAGGATATGT-1,2
CGTCCATAGGTCATCT-1,1
CGTCCATCAAAGGCGT-1,1
CGTCCATGTCTTCATT-1,1
CGTCCATTCACCGGTG-1,1
CGTCCATTCCTCATAT-1,3
CGTCCATTCGGATAAA-1,1
CGTGAATAGCTTGTGT-1,1
CGTGAATAGTCACAGG-1,1
CGTGAATCACCTGTCT-1,1
CGTGAATCAGTCTACA-1,1
CGTGAATTCCGACAGC-1,1
CGTGATAAGTGTACCT-1,1
CGTGATAGTGGCTTGC-1,2
CGTGATATCCGAGATT-1,1
CGTGCTTTCACCGCTT-1,1
CGTGTCTCAGAGACTG-1,1
CGTGTCTCATACCACA-1,1
CGTGTCTGTAGAGATT-1,3
CGTGTCTGTTCGCGTG-1,2
CGTGTCTTCACGGAGA-1,1
CGTTAGACAATTGCGT-1,1
CGTTAGACAGAGTAAT-1,1
CGTTAGAGTTCGGCTG-1,1
CGTTAGATCTCATTAC-1,1
CGTTCTGAGACTTGTC-1,3
CGTTCTGCAATCGTCA-1,1
CGTTCTGGTGAGCAGT-1,3
CGTTCTGTCCATCGTC-1,1
CGTTCTGTCTGATGGT-1,1
CGTTGGGGTACAGAAT-1,2
CTAACCCAGCTTAAGA-1,3
CTAACCCAGGATACGC-1,2
CTAACCCCATAACAGA-1,1
CTAACCCCATGAGTAA-1,1
CTAACCCGTACGGGAT-1,1
CTAACCCGTCGCATTA-1,2
CTAACTTAGCGACATG-1,1
CTAACTTCAGTCGTTA-1,1
CTAACTTGTTACGTAC-1,1
CTAACTTTCACTCACC-1,2
CTAACTTTCCTAAACG-1,1
CTAAGTGAGTCCGTCG-1,2
CTAAGTGGTTCCGCAG-1,1
CTAAGTGGTTCTAACG-1,1
CTACAGACAAGGCAAC-1,1
CTACAGACATAACAGA-1,1
CTACAGATCAGGGTAG-1,1
CTACAGATCTGAGAGG-1,2
CTACATTAGAAGTGTT-1,3
CTACATTAGCGAGAAA-1,1
CTACATTAGGTGCATG-1,2
CTACATTGTAGAGTTA-1,1
CTACATTGTCGGTGAA-1,3
CTACATTTCGCAGTCG-1,1
CTACCCAAGCTATCCA-1,2
CTACCCAAGTATAGGT-1,2
CTACCCACAAGCGAGT-1,1
CTACCCACAGCTTTCC-1,1
CTACCCATCAATGTCG-1,1
CTACCCATCCCGAGAC-1,1
CTACCCATCTCGCCTA-1,1
CTACCTGAGAGGTGCT-1,2
CTACCTGCAAGACAAT-1,2
CTACCTGGTCGCCACA-1,1
CTACCTGGTGGGTTGA-1,1
CTACCTGGTGTACAGG-1,2
CTACCTGGTTTGTGGT-1,2
CTACGGGAGAGTAACT-1,1
CTACGGGAGGCCGCTT-1,1
CTACGGGAGTTGTAGA-1,1
CTACGGGCATTGTAGC-1,2
CTACGGGGTCCCTAAA-1,1
CTACGGGTCTTCCGTG-1,1
CTACTATAGCAGCAGT-1,1
CTACTATAGGACTAAT-1,1
CTACTATAGGATGAGA-1,1
CTACTATGTCCTCAGG-1,1
CTACTATGTGCATACT-1,1
CTACTATGTGGATACG-1,1
CTACTATTCAGCCCAG-1,1
CTAGACATCATCTATC-1,1
CTAGGTAAGCATGCGA-1,1
CTAGGTAAGGATTTAG-1,2
CTAGGTACACTGATTG-1,1
CTAGGTACATCGATCA-1,1
CTAGGTACATGACTGT-1,3
CTAGGTAGTACGTGAG-1,1
CTAGGTAGTGCCTAAT-1,1
CTAGGTAGTGTGCCTG-1,3
CTAGGTATCATTGCCC-1,1
CTAGGTATCCCAGGAC-1,3
CTATAGGAGTGATGGC-1,1
CTATAGGTCAACTACG-1,1
CTATCCGAGACGAAGA-1,3
CTATCCGAGTGAACAT-1,1
CTATCCGGTGTAAACA-1,1
CTATCCGTCAAATGCC-1,1
CTATCTACAATTTCCT-1,2
CTATCTACATTCTCTA-1,1
CTATCTAGTCGCAGTC-1,1
CTCAACCAGGGAACAA-1,1
CTCAACCCAAATGATG-1,1
CTCAACCGTAGAAACT-1,1
CTCAACCGTCCGTACG-1,1
CTCAAGAAGGGCGAGA-1,3
CTCAAGAAGTAACCTC-1,1
CTCAAGACATGGAGAC-1,2
CTCAAGATCAGCTTCC-1,1
CTCAATTCACCCAAGC-1,1
CTCAATTCAGGTCAGA-1,1
CTCAATTTCGCAGTCG-1,1
CTCACTGAGAGGGCGA-1,1
CTCACTGGTGGGTATG-1,1
CTCACTGTCGACACTA-1,1
CTCAGAAAGGTAAGAG-1,1
CTCAGAACACAAACGG-1,1
CTCAGAACACAACATC-1,3
CTCAGAAGTCCTGAAT-1,1
CTCAGAAGTCGTCATA-1,1
CTCAGAAGTCTGTAAC-1,1
CTCAGAAGTTAAGGAT-1,1
CTCAGAATCCATTTAC-1,1
CTCAGAATCTGAGGCC-1,2
CTCAGGGCAATAGAGT-1,1
CTCAGGGGTTCAAGTC-1,3
CTCAGTCAGAGAACCC-1,1
CTCAGTCAGCTTCATG-1,1
CTCAGTCAGGTGATCG-1,1
CTCAGTCAGTAAGGGA-1,1
CTCAGTCAGTCAGAGC-1,1
CTCAGTCCATCGAAGG-1,1
CTCAGTCGTGAATGAT-1,1
CTCAGTCGTGTTGAGG-1,1
CTCAGTCTCGCTACGG-1,1
CTCAGTCTCGGTAGGA-1,1
CTCATCGGTATCATGC-1,1
CTCATCGGTGCATCTA-1,1
CTCATCGGTGGTCCCA-1,1
CTCATCGTCAACGCTA-1,1
CTCATCGTCAACTGAC-1,1
CTCATCGTCGTACCTC-1,1
CTCATGCAGTCTACCA-1,1
CTCATGCTCGAGAATA-1,2
CTCATTAAGCCTCGTG-1,1
CTCATTAAGTGGGAAA-1,2
CTCATTACAATTGAAG-1,1
CTCATTACACCAGCGT-1,2
CTCATTAGTAGGCTGA-1,1
CTCATTATCCTTGGAA-1,2
CTCCAACAGAGCACTG-1,2
CTCCAACAGTGAATAC-1,2
CTCCAACGTACCATAC-1,1
CTCCAACGTCTGATCA-1,1
CTCCAACGTCTGGTTA-1,1
CTCCAACGTTGCTAGT-1,2
CTCCAACTCCTGTAGA-1,1
CTCCACAAGAGAGCAA-1,1
CTCCACAGTCATACCA-1,1
CTCCACATCCCACAGG-1,2
CTCCACATCGTAGGGA-1,1
CTCCATGGTGGAATGC-1,1
CTCCATGGTGGAGGTT-1,1
CTCCATGTCGTGGGAA-1,2
CTCCCAAAGACCGCCT-1,1
CTCCCAAAGAGGGTGG-1,1
CTCCCAAAGCCGTTGC-1,1
CTCCCAAAGCGTTAGG-1,3
CTCCCAAGTAACGGTG-1,3
CTCCCAAGTAGGCTGA-1,3
CTCCCAAGTCCAAATC-1,1
CTCCCAATCACTCTTA-1,2
CTCCCAATCCACGTGG-1,1
CTCCCAATCTGATGGT-1,3
CTCCCTCAGCCTCCAG-1,1
CTCCCTCAGGGTCAAC-1,3
CTCCCTCCACTAAACC-1,1
CTCCCTCCATACAGGG-1,1
CTCCCTCGTCCTCATC-1,1
CTCCGATAGGGCAAGG-1,2
CTCCGATCAGTTGTCA-1,3
CTCCGATGTCTACAAC-1,1
CTCCGATTCATGGAGG-1,1
CTCCTCCAGTGGAAAG-1,1
CTCCTCCTCCATCCGT-1,3
CTCCTCCTCCCTCTTT-1,1
CTCCTTTAGTTCCGGC-1,1
CTCCTTTAGTTCTCTT-1,1
CTCCTTTCAGGTTACT-1,3
CTCCTTTTCTCCGATC-1,1
CTCGAGGAGACTGAGC-1,1
CTCGAGGAGCATGAAT-1,1
CTCGAGGCATCGTGGC-1,2
CTCGAGGGTACCGCGT-1,1
CTCGAGGGTATCCTCC-1,1
CTCGAGGGTTAGGCCC-1,2
CTCGAGGTCGTCAACA-1,1
CTCTCAGCACTATCCC-1,1
CTCTCAGGTCCCACGA-1,1
CTCTCAGTCATTGTTC-1,1
CTCTCAGTCCAGTGTA-1,1
CTCTCAGTCCATGCAA-1,1
CTCTCAGTCCGTCACT-1,1
CTCTCAGTCTGAGTCA-1,1
CTCTCGAGTGAGACGT-1,1
CTCTCGATCTCATTAC-1,1
CTCTGGTAGGCATCAG-1,1
CTCTGGTCATAGCTGT-1,1
CTCTGGTGTAGAAACT-1,2
CTCTGGTGTCTTTATC-1,1
CTCTGGTTCCAAGGGA-1,1
CTCTGGTTCCGACGGT-1,1
CTGAATGAGGGAACAA-1,1
CTGAATGGTAGCGTCC-1,2
CTGAATGGTGAGATAT-1,1
CTGAGCGGTATCTCGA-1,1
CTGAGGCCACTTCAAG-1,2
CTGATCCAGGTTGAGC-1,3
CTGATCCCAAGACGGT-1,1
CTGATCCGTACGGATG-1,1
CTGATCCGTTGGATCT-1,1
CTGATCCTCTGAACGT-1,1
CTGCAGGGTAGGCAGT-1,2
CTGCAGGGTCACCTTC-1,1
CTGCAGGGTGCCCGTA-1,1
CTGCAGGTCTTAAGGC-1,2
CTGCATCAGCCATGCC-1,1
CTGCATCTCCAGCCTT-1,2
CTGCATCTCGGTAACT-1,1
CTGCCATAGAAGCCTG-1,3
CTGCCATAGAGCATCG-1,1
CTGCCATAGAGTACCG-1,1
CTGCCATAGCGTTAGG-1,1
CTGCCATGTACGTGTT-1,1
CTGCCATGTCATTGCA-1,1
CTGCCATTCACCTTAT-1,1
CTGCCTAAGAGGCTGT-1,2
CTGCCTAAGTCGGCCT-1,1
CTGCCTAGTATGTCTG-1,1
CTGCCTATCTGCGGGT-1,3
CTGCGAGGTAAGTTGA-1,3
CTGCGAGTCCATGATG-1,3
CTGCTCAAGACTACGG-1,1
CTGCTCAAGGAATCGC-1,2
CTGCTCAAGGGTTAAT-1,1
CTGCTCAGTCGCATGC-1,2
CTGCTCATCACTGAAC-1,2
CTGGACGAGGGATGTC-1,1
CTGGACGAGGGTGAGG-1,2
CTGGACGGTCGTACTA-1,1
CTGGACGTCAAGCCTA-1,1
CTGGCAGAGCCGAATG-1,3
CTGGCAGGTAGCGATG-1,1
CTGGTCTCAGCGAACA-1,2
CTGGTCTCATGAAGCG-1,2
CTGGTCTTCCCTCTAG-1,2
CTGGTCTTCTTGTTAC-1,1
CTGTACCAGTATGAGT-1,3
CTGTACCCAAAGGGCT-1,1
CTGTACCCAGTATGAA-1,1
CTGTACCGTGGACTAG-1,1
CTGTACCGTTCCAAAC-1,1
CTGTAGAGTACTAAGA-1,1
CTGTAGATCTCTCAAT-1,1
CTGTATTAGTGCTCGC-1,3
CTGTATTCATCCCACT-1,1
CTGTATTCATTAAAGG-1,3
CTGTATTTCCAGCTCT-1,1
CTGTATTTCCAGTGCG-1,1
CTGTATTTCGTGGGAA-1,2
CTGTCGTAGCACACCC-1,1
CTGTCGTAGCCATATC-1,3
CTGTCGTCACCCGTAG-1,1
CTGTCGTCAGCTAACT-1,1
CTGTCGTGTTGTTGCA-1,1
CTGTCGTTCGCAGATT-1,1
CTGTCGTTCTTCCCGA-1,1
CTGTGAAAGCATCTTG-1,1
CTGTGAAAGGCAGGTT-1,1
CTGTGAAGTATCACCA-1,1
CTGTGAATCGCCAGAC-1,1
CTGTGAATCTGCTAGA-1,2
CTGTGGGAGTCATGGG-1,1
CTGTGGGCACCTCTAC-1,1
CTGTGGGCATGGACAG-1,2
CTGTGGGGTTGTCCCT-1,2
CTGTGGGTCAAAGACA-1,2
CTTACCGAGCGGATCA-1,1
CTTACCGAGTGACACG-1,1
CTTACCGCATCTAGAC-1,1
CTTACCGGTATGGTAA-1,2
CTTACCGGTCTTTATC-1,1
CTTACCGGTGGTCTAT-1,1
CTTAGGAAGACCAAAT-1,2
CTTAGGACACCTGCTT-1,1
CTTAGGAGTTACACAC-1,1
CTTAGGATCACCTCAC-1,1
CTTAGGATCCAACACA-1,1
CTTAGGATCTTTCTAG-1,1
CTTCAATCAGACGCTC-1,2
CTTCAATTCTGAGATC-1,1
CTTCCGAAGAGAGCCT-1,1
CTTCCGACACTCAAGT-1,1
CTTCCGACAGCGACAA-1,1
CTTCCGACATTCACAG-1,1
CTTCCGAGTACTGGGA-1,1
CTTCCGAGTTGGGATG-1,1
CTTCCGATCAAGAGTA-1,1
CTTCCGATCTTACGTT-1,1
CTTCCTTGTGAAAGTT-1,3
CTTCCTTTCGACATCA-1,1
CTTCGGTAGACCATAA-1,1
CTTCGGTAGCTTCTAG-1,1
CTTCGGTGTATGTCTG-1,2
CTTCTAACAAATTGCC-1,1
CTTCTAACAGGAACCA-1,1
CTTCTAAGTGATCATC-1,1
CTTCTCTCACCAACAT-1,1
CTTCTCTGTGACCTGC-1,2
CTTCTCTTCCGTGGCA-1,1
CTTGAGAGTCCTACAA-1,1
CTTGAGAGTCCTCCTA-1,1
CTTGAGATCCGCAAAT-1,1
CTTGAGATCCGCACGA-1,1
CTTGATTGTACGGATG-1,1
CTTGATTTCACATTGG-1,1
CTTGATTTCCACTTTA-1,3
CTTTCAACACAGAAGC-1,1
CTTTCAATCAAACCCA-1,1
CTTTCAATCTGACAGT-1,1
CTTTCGGAGAGAGCAA-1,1
CTTTCGGAGTGAATAC-1,1
CTTTCGGCAATTGAAG-1,2
CTTTCGGCATTCAGCA-1,1
CTTTCGGGTGATCATC-1,1
GAAACCTAGATGCAGC-1,1
GAAACCTAGTATAACG-1,1
GAAACCTCAACAGCTT-1,1
GAAACCTCAGCCGTTG-1,1
GAAACCTCATCACCAA-1,1
GAAACCTGTACGAGCA-1,1
GAAACCTGTCAGTTTG-1,2
GAAACCTGTCTTCAAG-1,1
GAAACCTTCTACCCAC-1,1
GAAATGAAGTTTGGCT-1,1
GAAATGAGTTCCTAAG-1,1
GAACACTAGAACTTCC-1,1
GAACACTAGAAGTCCG-1,3
GAACACTAGCCTGACC-1,1
GAACACTTCCTCGATC-1,1
GAACGTTAGCACGATG-1,1
GAACGTTCAGTCTTCC-1,2
GAACGTTGTCGTTGGC-1,2
GAACGTTGTGAGTTGG-1,2
GAACGTTTCTACACTT-1,1
GAACTGTGTGGTTCTA-1,2
GAACTGTTCCCGAATA-1,1
GAACTGTTCGGTGTTA-1,1
GAAGAATAGCCTCAGC-1,1
GAAGAATAGTGGCCTC-1,1
GAAGAATCAAGTTTGC-1,2
GAAGAATCAATGTCAC-1,1
GAAGAATGTCGTTTCC-1,3
GAAGCCCAGTGACCTT-1,1
GAAGCCCAGTGGAAAG-1,1
GAAGCCCCAAGATGTA-1,1
GAAGCCCGTCCTTTGC-1,1
GAAGCCCTCATGGGAG-1,2
GAAGCGAAGCACGATG-1,2
GAAGCGAGTAGGAGGG-1,3
GAAGGACCATAGATCC-1,1
GAAGGACTCCTCTCTT-1,1
GAAGGGTAGCCTGCCA-1,3
GAAGGGTGTAACGATA-1,3
GAAGGGTGTTCGGACC-1,2
GAAGGGTTCGTAGAGG-1,2
GAAGGGTTCTCTATGT-1,3
GAAGTAAAGCGGTATG-1,1
GAAGTAAAGGCCATAG-1,1
GAAGTAAGTAGAATGT-1,1
GAAGTAATCGGCTTCT-1,1
GAAGTAATCTGGAAGG-1,1
GAATAGACACGGCACT-1,3
GAATAGAGTCTATGAC-1,3
GAATAGAGTTTCACAG-1,3
GAATCACAGCATGCGA-1,3
GAATCACAGGATATAC-1,1
GAATCGTCAGTCAACT-1,1
GAATCGTCATGGCTAT-1,2
GAATCGTGTCGTTGCG-1,1
GACACGCAGGTCGTAG-1,1
GACACGCCAATACCCA-1,1
GACACGCCATATCGGT-1,1
GACACGCTCTGCTTTA-1,1
GACAGCCAGTTGCGCC-1,3
GACAGCCCACGACAAG-1,2
GACAGCCCAGAGACTG-1,1
GACAGCCGTGCAGTGA-1,1
GACAGCCTCGAATGCT-1,1
GACAGCCTCTATCCAT-1,1
GACATCAAGTACTCGT-1,1
GACATCACAGGAGGTT-1,3
GACCAATCAGAGAGGG-1,2
GACCAATCAGGGAATC-1,1
GACCAATCATCGTGCG-1,2
GACCCAGAGCGGTAGT-1,1
GACCCAGCACCAAATC-1,3
GACCCAGCATACATCG-1,1
GACCCAGTCCAGTTCC-1,2
GACCCAGTCGACGATT-1,1
GACCCTTAGCACTTTG-1,1
GACCCTTGTCGTTATG-1,2
GACCCTTTCGGATACT-1,1
GACCGTGAGAGTGAAG-1,1
GACCGTGGTACGATCT-1,1
GACCGTGGTAGCGAGT-1,1
GACCGTGGTCTCTCAC-1,1
GACCGTGTCGACGCTG-1,1
GACCTTCTCGTGTGGC-1,2
GACGCTGAGTTGTAGA-1,1
GACGCTGCAAGTGGCA-1,1
GACGCTGCAGGCGATA-1,1
GACGCTGCATGACTAC-1,1
GACGCTGGTCACCCTT-1,2
GACGCTGTCACACCCT-1,1
GACGTTAAGTCGTTAC-1,1
GACGTTAGTTACACAC-1,1
GACGTTATCTGCGGAC-1,1
GACTATGAGATCACCT-1,1
GACTATGAGTAAATGC-1,1
GACTATGCAATACGCT-1,1
GACTATGGTTGTAAAG-1,2
GACTCAAAGCGATGCA-1,3
GACTCAAGTTTAGAGA-1,1
GACTCAATCTTACACT-1,1
GACTCTCAGTGGAAGA-1,1
GACTCTCCAGTCAACT-1,1
GACTCTCGTAAGATAC-1,1
GACTCTCTCGACGATT-1,1
GACTCTCTCGAGCTGC-1,1
GACTCTCTCGCTGCGA-1,1
GACTGATCACGACCTG-1,1
GACTGATGTCATGACT-1,1
GACTGATGTCCAAGAG-1,1
GACTGATGTTCTCGCT-1,3
GACTGATTCCCAATAG-1,1
GACTTCCAGTTGAATG-1,3
GACTTCCGTTCTCTAT-1,3
GACTTCCTCGAAGCCC-1,2
GAGAAATAGAAATCCA-1,2
GAGAAATAGTAGGCCA-1,3
GAGAAATGTCACCCTT-1,1
GAGAAATGTGTCCATA-1,1
GAGAAATTCCATGCAA-1,1
GAGAAATTCGACCATA-1,1
GAGAAATTCTTGAACG-1,1
GAGACCCAGGACGGAG-1,3
GAGACCCCAAGGATGC-1,1
GAGACCCCACCATAAC-1,1
GAGACCCCAGCCCAGT-1,1
GAGACCCCAGTCGGTC-1,1
GAGACCCGTCCTCCTA-1,1
GAGACTTAGAGCATCG-1,1
GAGACTTCATCGTTCC-1,1
GAGACTTGTAGTGGCA-1,1
GAGACTTTCCTCTAGC-1,2
GAGAGGTAGAGTATAC-1,2
GAGAGGTTCCTAGCGG-1,1
GAGAGGTTCTCGTCGT-1,1
GAGATGGCAAAGGCGT-1,1
GAGATGGGTACCGGCT-1,1
GAGATGGGTTGGAGGT-1,2
GAGCCTGAGAAGAACG-1,1
GAGCCTGAGCACACAG-1,1
GAGCCTGAGCCAGAGT-1,1
GAGCCTGAGCTAGATA-1,1
GAGCCTGGTCTCGGAC-1,3
GAGCCTGGTGTACGCC-1,1
GAGCCTGTCCGCAACG-1,1
GAGCTGCCAGATAAAC-1,3
GAGCTGCCATCCAATG-1,1
GAGCTGCGTCGGTACC-1,2
GAGCTGCGTGACAACG-1,1
GAGCTGCGTTGGTGTT-1,1
GAGCTGCGTTTCACAG-1,1
GAGCTGCTCCTTCTGG-1,1
GAGGCAAAGAGCAAGA-1,2
GAGGCAAAGTTCGGTT-1,1
GAGGCAACAACTTCTT-1,2
GAGGCAACAAGTCGTT-1,1
GAGGCAAGTCTGTGAT-1,1
GAGGCAATCTCTCTAA-1,3
GAGGCCTCATGCAGGA-1,1
GAGGGATAGGGTTAAT-1,1
GAGGGATAGTCATACC-1,1
GAGGGATCAGAGTCTT-1,1
GAGGGTAAGCATCAAA-1,3
GAGGGTAAGGCCTAAG-1,2
GAGGGTAAGGGCCAAT-1,1
GAGGGTACACCCAATA-1,2
GAGGGTACACCGTCTT-1,1
GAGGGTAGTACAGTAA-1,1
GAGTCATAGGTGATAT-1,1
GAGTCATCAAATGAAC-1,1
GAGTCATCACTGTCCT-1,3
GAGTCATCACTGTGTA-1,1
GAGTCATCAGACTCTA-1,1
GAGTCATGTCCCGCAA-1,1
GAGTCTAAGGACAGTC-1,1
GAGTCTACAAGAGGTC-1,1
GAGTCTACACCAGCGT-1,1
GAGTCTATCAAGCTTG-1,1
GAGTCTATCAATGCAC-1,1
GAGTCTATCTATCGCC-1,1
GAGTGAGAGTCAACAA-1,1
GAGTGAGCAAATGAGT-1,3
GAGTGAGCAGTTGTTG-1,2
GAGTGAGTCAAGTCGT-1,1
GAGTGTTCAAATAGCA-1,1
GAGTGTTGTTAACAGA-1,1
GAGTGTTTCCATCGTC-1,1
GAGTGTTTCCGCAAAT-1,1
GAGTTACAGACTGAGC-1,1
GAGTTACAGATCCGAG-1,1
GAGTTACAGTGCACTT-1,1
GAGTTACGTCCAGCGT-1,1
GAGTTACGTTCACCGG-1,2
GAGTTACTCCAGTGCG-1,1
GAGTTGTCACCTGCGA-1,1
GAGTTGTGTGTCTCCT-1,1
GAGTTGTGTTCTCAGA-1,2
GAGTTTGAGAAGCGCT-1,1
GAGTTTGCAACAGAGC-1,1
GATAGAAAGAAACTCA-1,3
GATAGAAAGCTGACTT-1,2
GATAGAATCACGATAC-1,1
GATAGCTAGGTTCTTG-1,1
GATAGCTAGTGAACAT-1,1
GATAGCTCAAATAAGC-1,1
GATAGCTCAGAACGCA-1,1
GATAGCTGTCACTCGG-1,1
GATCACAAGCACGTCC-1,3
GATCACACACAAATAG-1,1
GATCACACACTTACAG-1,1
GATCACACAGCTACCG-1,1
GATCACAGTAGCTTTG-1,1
GATCACATCACAGAGG-1,1
GATCATGAGTCAGGGT-1,1
GATCATGCAACCGTAT-1,1
GATCATGCACAGTCGC-1,3
GATCATGCAGGTTCAT-1,1
GATCATGGTGTACAGG-1,2
GATCATGGTTATAGAG-1,1
GATCATGTCGACACCG-1,1
GATCCCTAGATGCTAA-1,1
GATCCCTGTGTTCCTC-1,1
GATCCCTTCGCTAAAC-1,1
GATGACTCAACACGAG-1,3
GATGACTGTACGAAAT-1,1
GATGACTTCCGAAGGA-1,2
GATGAGGCAAGTTCCA-1,2
GATGAGGTCACTGAAC-1,1
GATGATCAGTATGATG-1,1
GATGCTAAGTCTTCGA-1,1
GATGCTACAAATGGAT-1,2
GATGCTACATCGGAGA-1,1
GATGCTAGTACTTGTG-1,3
GATGCTAGTAGGTTTC-1,1
GATGCTAGTGAGGATC-1,2
GATGCTATCGCTGATA-1,2
GATGGAGAGAGGTTTA-1,2
GATGGAGCACCTGCAG-1,1
GATGGAGGTTCGGTCG-1,1
GATGGAGGTTGTAAAG-1,3
GATGTTGAGTGTACAA-1,1
GATGTTGCAAATACAG-1,2
GATGTTGGTAACTAAG-1,2
GATGTTGGTTATGTGC-1,1
GATTCGAAGATTGATG-1,2
GATTCGACAAATAGCA-1,1
GATTCGAGTAAGCTCT-1,1
GATTCGAGTGTGGACA-1,1
GATTCTTAGGCAGGGA-1,1
GATTCTTAGGTTAGTA-1,2
GATTCTTCAAGCGATG-1,1
GATTCTTGTCTTAGTG-1,1
GATTCTTGTGCTTCAA-1,1
GATTCTTGTGTATTGC-1,1
GATTGGTAGGAATGTT-1,1
GATTGGTAGGGAGTGG-1,1
GATTGGTCACTGGACC-1,2
GATTGGTGTCACTTCC-1,2
GATTGGTGTTGCCATA-1,1
GATTGGTTCAGGGATG-1,1
GATTTCTAGCAGGGAG-1,1
GATTTCTCAATTGTGC-1,1
GATTTCTGTCACAATC-1,1
GATTTCTTCAGTCACA-1,1
GCAACATAGGCGTCCT-1,1
GCAACATAGGGAGGCA-1,1
GCAACATCAAGCTCTA-1,1
GCAACATCAGACTCTA-1,3
GCAACATTCGTTACCC-1,1
GCAACCGCAATAGGGC-1,1
GCAACCGGTTCGTAAC-1,1
GCAACCGTCTCGGTAA-1,1
GCACATATCATCCCGT-1,1
GCACGGTCACCAGTAT-1,2
GCACGGTCACGTAACT-1,2
GCACGGTGTAGGTAGC-1,2
GCACGGTTCGATAACC-1,2
GCACGGTTCTCCCAAC-1,2
GCACGTGCAGCTCATA-1,2
GCACGTGGTTCCATTT-1,1
GCACTAAAGCGACTTT-1,1
GCACTAAAGTGGTTCT-1,1
GCACTAACAGCTACTA-1,1
GCACTAACATGACTAC-1,2
GCACTAAGTGACAGGT-1,1
GCACTAAGTTAAGCAA-1,1
GCACTAAGTTCCGCGA-1,1
GCACTAAGTTCGCGTG-1,1
GCACTAATCCACATAG-1,1
GCACTAATCCCGTTGT-1,2
GCACTAATCGTCGACG-1,2
GCAGCCAAGCTAGAAT-1,2
GCAGCCAAGTCACGCC-1,1
GCAGCCAAGTTGCTCA-1,1
GCAGCCACAAGTGGCA-1,1
GCAGCCAGTCGCGTCA-1,1
GCAGCCATCCGTGCGA-1,1
GCAGCCATCTGGCCAG-1,1
GCAGCTGGTAGATCCT-1,1
GCAGCTGTCGCTAAAC-1,3
GCAGGCTAGATGTTCC-1,1
GCAGGCTGTCATCACA-1,1
GCAGGCTGTTTCGACA-1,1
GCAGGCTTCCTCACTG-1,3
GCAGGCTTCTCTTGCG-1,1
GCAGTTACAGCGCGTT-1,1
GCAGTTAGTGAACCGA-1,1
GCAGTTATCATCTACT-1,1
GCAGTTATCCATTTGT-1,1
GCAGTTATCGGAGTAG-1,3
GCAGTTATCGGTCGAC-1,1
GCATCGGGTAGTTACC-1,1
GCATCGGTCGCGCTGA-1,1
GCATCGGTCGTTCCCA-1,1
GCATCTCAGGTGGTTG-1,1
GCATCTCTCACGAGGA-1,2
GCATCTCTCGAGTACT-1,1
GCATGATCACTTTATC-1,1
GCATGATCATGAATAG-1,1
GCATGATGTAAGTCAA-1,1
GCATGATGTAGGATAT-1,1
GCATGATGTATCGTTG-1,2
GCATGATGTGGTCCGT-1,3
GCATGATGTTCCACGG-1,1
GCATGATTCGGTAGGA-1,1
GCCAACGAGATGTTCC-1,1
GCCAACGCAATAGGAT-1,1
GCCAGCAAGACCAAGC-1,1
GCCAGCACACGGTCTG-1,1
GCCAGCATCATCACAG-1,1
GCCAGCATCTACTATC-1,1
GCCAGGTAGCTGGAGT-1,1
GCCAGGTCAGGAATAT-1,1
GCCAGGTGTATGAGCG-1,2
GCCAGGTGTATGGTTC-1,2
GCCAGGTGTTGCTCAA-1,3
GCCAGTGAGAACGCGT-1,2
GCCAGTGCAGACATCT-1,1
GCCAGTGTCACCATAG-1,1
GCCAGTGTCACGGGAA-1,1
GCCATGGCAAGATTGA-1,2
GCCATGGCATTATGCG-1,1
GCCATGGTCGCTCCTA-1,2
GCCATTCCAGGGCTTC-1,1
GCCATTCGTCGTCATA-1,1
GCCATTCTCACTGGTA-1,1
GCCCAGACAGGTCCGT-1,1
GCCCGAAAGCGTATGG-1,2
GCCCGAAAGCTATCTG-1,1
GCCCGAACACACGGAA-1,1
GCCCGAACACCTTCCA-1,2
GCCCGAAGTTACCTTT-1,3
GCCGATGGTCATATGC-1,1
GCCGATGGTTGAAGTA-1,1
GCCGTGAAGACCAACG-1,1
GCCGTGAAGGTAAAGG-1,1
GCCGTGAAGGTATTGA-1,1
GCCGTGAAGGTTCTTG-1,1
GCCTGTTCAAATCAGA-1,1
GCCTGTTCACTACCGG-1,1
GCCTGTTGTGTCTAAC-1,1
GCCTGTTGTTTCGTTT-1,2
GCCTGTTTCTAGTTCT-1,1
GCGAGAACAAATACAG-1,1
GCGAGAAGTTGGGCCT-1,3
GCGATCGCATAGCACT-1,1
GCGATCGGTATAATGG-1,1
GCGATCGGTCGCATCG-1,2
GCGATCGGTCTCGCGA-1,1
GCGATCGTCCACTGAA-1,1
GCGATCGTCCATTTCA-1,1
GCGGAAAAGACTTGTC-1,1
GCGGAAAAGGGATGTC-1,2
GCGGAAAGTCTTACTT-1,1
GCGGAAATCCTCACCA-1,1
GCGGATCAGAAGCGAA-1,1
GCGGATCAGTCGAAGC-1,1
GCGGATCTCCATTTGT-1,2
GCGTGCACAAATGAAC-1,2
GCGTGCACAGCTGTAT-1,2
GCGTGCACATCTGCGG-1,1
GCGTGCAGTTTACACG-1,1
GCGTGCATCTAAGCGT-1,1
GCGTTTCAGCAAGTGC-1,1
GCGTTTCAGCTAGTTC-1,3
GCGTTTCAGGTAGATT-1,1
GCGTTTCCAATCACGT-1,3
GCGTTTCCACAAACGG-1,1
GCGTTTCTCCATCCGT-1,1
GCTACAACACAGCATT-1,2
GCTACAACAGGAATCG-1,1
GCTACAAGTGTTCAGT-1,2
GCTACCTAGGGCAATC-1,2
GCTACCTCAAGCTCTA-1,3
GCTACCTCAGCTGTAT-1,2
GCTACCTCAGGTCCGT-1,3
GCTACCTCATCATTGG-1,1
GCTACCTCATTACGGT-1,1
GCTACCTCATTCCTCG-1,1
GCTACCTGTATAGGAT-1,1
GCTACCTTCCACAAGT-1,1
GCTCAAAAGAGATTCA-1,2
GCTCAAACACATTACG-1,1
GCTCAAAGTCCCTGAG-1,3
GCTCAAAGTGGTAACG-1,2
GCTCAAATCCGCTAGG-1,1
GCTGAATCAAGAGAGA-1,2
GCTGAATCAGCACCCA-1,1
GCTGAATCAGCAGTTT-1,1
GCTGAATCATTGAAGA-1,2
GCTGAATTCATGAGAA-1,2
GCTGCAGAGAATACAC-1,1
GCTGCAGAGAGAAGGT-1,1
GCTGCAGTCGGTCTGG-1,1
GCTGCAGTCTCGCCTA-1,1
GCTGCAGTCTGATGGT-1,1
GCTGGGTAGAAACTCA-1,3
GCTGGGTAGGCATCGA-1,2
GCTGGGTGTGGCTAGA-1,1
GCTTCACAGATGATTG-1,1
GCTTCACAGGATTTGA-1,1
GCTTCACAGTCTGTAC-1,1
GCTTCACCAAAGCAAT-1,2
GCTTCACGTAACGCGA-1,2
GCTTGGGCACGGCACT-1,2
GCTTGGGCATGACTCA-1,2
GCTTGGGGTCTACACA-1,1
GCTTTCGCACGGCTAC-1,1
GCTTTCGCAGACACAG-1,1
GCTTTCGCAGATTAAG-1,1
GCTTTCGCATGTGGTT-1,1
GCTTTCGGTAACAGTA-1,1
GCTTTCGGTGCCGAAA-1,2
GGAACCCCAAATGCTC-1,2
GGAACCCCACAAGCAG-1,1
GGAACCCTCCCAGGCA-1,1
GGAAGTGAGCCGCTTG-1,1
GGAAGTGGTGAAAGTT-1,1
GGAAGTGTCACATTGG-1,2
GGAAGTGTCCTTCTAA-1,2
GGAATCTAGCCTCAGC-1,1
GGAATCTAGTACCCTA-1,1
GGAATCTAGTCGCTAT-1,2
GGAATCTGTCCCAAAT-1,2
GGAATCTTCATGAGAA-1,1
GGAATGGAGAGCGACT-1,2
GGAATGGCAACACAGG-1,1
GGAATGGCACAAATCC-1,1
GGAATGGCACTTGGGC-1,1
GGAATGGGTCAGTCGC-1,1
GGAATGGGTCTACGAT-1,1
GGAATGGGTCTTGGTA-1,2
GGAATGGGTTCGAACT-1,2
GGACGTCGTCTTGCTC-1,1
GGACGTCGTGAGATCG-1,1
GGACGTCTCGCCTTGT-1,1
GGAGAACAGGCAGTCA-1,2
GGAGAACCAACATACC-1,1
GGAGAACCAGGACGAT-1,1
GGAGAACTCACCTCAC-1,1
GGAGAACTCCGTTGGG-1,1
GGAGAACTCTGACAGT-1,2
GGAGCAAAGAACAAGG-1,1
GGAGCAACACAAGTTC-1,1
GGAGCAATCCGCAAAT-1,1
GGAGGATAGGATTCAA-1,1
GGAGGATTCCTCTAAT-1,1
GGAGGTATCCGTGTCT-1,1
GGATCTAAGGAACGCT-1,1
GGATCTACACTTCCTG-1,1
GGATCTACATCGGCCA-1,1
GGATGTTCACACGGTC-1,1
GGATGTTTCACTCCGT-1,1
GGATGTTTCATAGAGA-1,1
GGATGTTTCGCCACTT-1,1
GGCACGTAGCAGGGAG-1,1
GGCACGTAGCGTCAAG-1,1
GGCACGTCACACACTA-1,1
GGCACGTCAGCACACC-1,1
GGCACGTTCGGCCCAA-1,3
GGCAGTCAGTATGGAT-1,1
GGCAGTCCAGGACAGT-1,1
GGCAGTCCATACATCG-1,1
GGCGTCAAGACAGTCG-1,1
GGCGTCAAGCATGGGT-1,2
GGCGTCACAACTTGCA-1,1
GGCGTCACACTACAGT-1,2
GGCGTCACACTATCCC-1,1
GGCGTCAGTCTCACAA-1,1
GGCGTCAGTCTGCGCA-1,1
GGCGTCAGTTACACAC-1,2
GGCTGTGAGACCAACG-1,1
GGCTGTGCAACTCGAT-1,2
GGCTGTGTCTATACTC-1,1
GGCTTGGCATGCACTA-1,1
GGCTTGGGTCGTACTA-1,1
GGCTTGGTCCATATGG-1,2
GGCTTTCCATCTGCGG-1,1
GGGAAGTAGAAGAGCA-1,3
GGGAAGTCAGGTCAGA-1,1
GGGAAGTGTAAGTTAG-1,2
GGGAAGTGTACTCAAC-1,1
GGGAAGTGTATCGAGG-1,1
GGGAAGTGTTGATCGT-1,1
GGGACAACAGATCATC-1,2
GGGACAAGTACGTTCA-1,1
GGGACAAGTCGTCTCT-1,1
GGGACAAGTGATTCAC-1,2
GGGACAATCCCATACC-1,1
GGGACCTAGAAGTCAT-1,1
GGGACCTAGGGCGAAG-1,1
GGGACCTCATACCATG-1,2
GGGACCTGTGGTTTGT-1,2
GGGACCTTCGAGTCTA-1,1
GGGACTCCAGGATCTT-1,2
GGGACTCGTGTCGATT-1,1
GGGAGATAGGCTTAAA-1,1
GGGAGATCATCAGTCA-1,3
GGGAGATTCACCTCTG-1,2
GGGAGATTCGGCGATC-1,3
GGGAGATTCGGCTCTT-1,1
GGGAGTAAGTCACTAC-1,1
GGGAGTAGTGTTCCTC-1,1
GGGAGTAGTTTCGATG-1,2
GGGAGTATCTACCAGA-1,1
GGGATCCAGACAAGCC-1,1
GGGATCCCAGATTTCG-1,1
GGGATCCTCAGATGCT-1,1
GGGATCCTCTGTTCAT-1,1
GGGATGAAGGCTTCCG-1,1
GGGATGAAGTTGGAGC-1,3
GGGATGACAGTGCCTG-1,1
GGGATGACATCCCACT-1,1
GGGATGATCGCATAGT-1,1
GGGATGATCTGAGTCA-1,1
GGGATGATCTGGTCAA-1,2
GGGCCATAGCGCAATG-1,2
GGGCCATAGCTCCCTT-1,3
GGGCCATCATGTCGTA-1,1
GGGCGTTAGGGTGAGG-1,3
GGGCGTTAGGTCATAA-1,2
GGGCGTTGTATACCTG-1,1
GGGCGTTTCCTCATAT-1,1
GGGCTACCATGCCGCA-1,1
GGGCTACTCAACCTTT-1,1
GGGCTCAAGGAACGTC-1,2
GGGCTCAAGTGATCGG-1,3
GGGCTCAGTACAATAG-1,1
GGGTAGAGTCCGGACT-1,2
GGGTATTAGCCTCAGC-1,1
GGGTATTAGTTAACGA-1,1
GGGTATTGTAGTGATA-1,1
GGGTCACAGGTGTGAC-1,1
GGGTCTGAGACATACA-1,1
GGGTCTGAGAGGTTAT-1,1
GGGTCTGCAATGCAAA-1,1
GGGTCTGGTCCATACA-1,3
GGGTGAAGTCCGTACG-1,2
GGGTGAATCGGAGTAG-1,3
GGGTGTCGTACTCCGG-1,1
GGGTGTCTCCAATCTT-1,1
GGGTTTAAGCACACAG-1,1
GGGTTTACATAGGAGC-1,1
GGGTTTAGTAGCGAGT-1,1
GGGTTTAGTGCAGTGA-1,1
GGTAACTAGATGACCG-1,1
GGTAACTTCGGATTAC-1,1
GGTAACTTCTTGAACG-1,1
GGTAATCAGGTGCCTC-1,1
GGTAATCCATAATGCC-1,1
GGTAATCGTCCACAGC-1,2
GGTAATCGTTGCTGAT-1,2
GGTAGAGAGCCAGACA-1,1
GGTAGAGCAGCTCCTT-1,1
GGTAGAGGTACGAGCA-1,1
GGTAGAGGTAGCTTGT-1,1
GGTAGAGGTCACTAGT-1,2
GGTAGAGGTGGAAATT-1,1
GGTAGAGTCGTGCTCT-1,2
GGTAGAGTCTTAGCAG-1,2
GGTCACGCAGGTACGA-1,2
GGTCACGGTTGCACGC-1,1
GGTCTGGCATCAGTCA-1,2
GGTCTGGGTAGCGTCC-1,2
GGTCTGGGTGACTCGC-1,2
GGTCTGGTCCCTCAAC-1,1
GGTCTGGTCGGTGTAT-1,2
GGTCTGGTCGTTCTAT-1,1
GGTGAAGAGCTGGAGT-1,1
GGTGAAGGTCGGTAAG-1,1
GGTGAAGTCCGTGACG-1,2
GGTGATTAGCACTCAT-1,2
GGTGATTCAGCATGCC-1,1
GGTGATTTCATTCGTT-1,3
GGTGATTTCCTCTAAT-1,1
GGTGATTTCCTGATAG-1,1
GGTGGCTAGATTGTGA-1,2
GGTGGCTAGGTACAGC-1,3
GGTGGCTGTACTGAGG-1,1
GGTGGCTGTCACTCTC-1,1
GGTGTCGAGACTCCGC-1,1
GGTGTCGAGCTGGAGT-1,1
GGTGTCGGTAGACAGC-1,1
GGTGTCGGTGACTGTT-1,1
GGTGTCGTCCGAGAAG-1,1
GGTGTTAAGTAGCCAG-1,1
GGTGTTACACGCTATA-1,2
GGTTAACTCCACTGGG-1,1
GGTTAACTCGGCAGTC-1,1
GGTTCTCAGGTTGAGC-1,1
GGTTCTCCAGCTACAT-1,1
GGTTCTCTCTAGGAAA-1,3
GGTTCTCTCTCCGATC-1,3
GGTTGTACACCTTCCA-1,3
GGTTGTACAGCTGAGA-1,1
GGTTGTAGTCTACAGT-1,3
GGTTGTAGTTAGTCGT-1,1
GGTTGTAGTTCAACGT-1,1
GGTTGTATCCCAGTGG-1,1
GGTTGTATCTTAGGAC-1,1
GTAACACAGTGGAAAG-1,2
GTAACACCAAGCGATG-1,1
GTAACACCAAGCGCTC-1,2
GTAACACCACCTGAAT-1,1
GTAACACGTAAGTTAG-1,1
GTAACACGTGAATGTA-1,1
GTAACCAAGCAGTCTT-1,1
GTAACCAAGCATGCAG-1,1
GTAACCATCCATCAGA-1,2
GTAACCATCTACGGGC-1,1
GTAAGTCAGCTGAGCA-1,2
GTAAGTCAGCTTCATG-1,1
GTAAGTCAGTCTAGAA-1,1
GTAATCGAGGAAAGTG-1,1
GTAATCGAGTCGCGAA-1,1
GTAATCGCAATCACGT-1,1
GTAATCGCAGCAGATG-1,2
GTAATCGGTGGGTATG-1,1
GTAATCGTCATCCCGT-1,1
GTAATGCCAGGGATAC-1,1
GTAATGCGTTACCCAA-1,1
GTAATGCGTTGCCTAA-1,1
GTACAACAGTCGAATA-1,1
GTACAACCAACACTAC-1,1
GTACAACCACTGGCCA-1,3
GTACAACGTCTTGAAC-1,1
GTACAACGTGTAGCAG-1,1
GTACAGTGTAGATCCT-1,3
GTACAGTGTAGGTAGC-1,1
GTACAGTTCACGGTCG-1,1
GTACAGTTCGATACGT-1,2
GTACAGTTCTGCTGAA-1,1
GTAGAAAAGGTAAGGA-1,2
GTAGAAAAGTCGCCCA-1,3
GTAGAAACAACCGATT-1,3
GTAGAAACATCGGATT-1,1
GTAGAAAGTATGAGCG-1,2
GTAGAAATCGTGCATA-1,2
GTAGAGGAGAAGTCCG-1,1
GTAGAGGAGAGGGTCT-1,1
GTAGAGGAGGTAGTCG-1,1
GTAGAGGCAACTTGGT-1,2
GTAGAGGCAAGGCAAC-1,3
GTAGAGGCACGAGGTA-1,1
GTAGAGGTCATTCATC-1,2
GTAGAGGTCGCCACTT-1,1
GTAGATCTCAGCAGAG-1,1
GTAGCTAAGCCTCAAT-1,1
GTAGCTAAGGAGACCT-1,1
GTAGCTACACACCTTC-1,1
GTAGCTACAGTAGGAC-1,1
GTAGCTATCCTACGAA-1,1
GTAGGAGCAAGTAGTA-1,1
GTAGGAGCATGCCATA-1,1
GTAGGAGGTACACTCA-1,1
GTAGGAGGTTTAGAGA-1,1
GTAGGAGTCCGACGGT-1,1
GTAGGTTCACTGCGTG-1,1
GTAGGTTCAGACTCTA-1,1
GTAGGTTTCCTCTAAT-1,1
GTAGGTTTCGCTGCGA-1,2
GTAGGTTTCGGCTCTT-1,1
GTAGTACAGCGATGGT-1,1
GTAGTACAGGCCACCT-1,1
GTAGTACCAAGCTGCC-1,1
GTAGTACCATAGGTAA-1,3
GTAGTACCATGATCTG-1,1
GTAGTACTCAATCTTC-1,1
GTAGTACTCGGTCATA-1,1
GTATTGGAGCAGCAGT-1,1
GTATTGGAGCGACATG-1,3
GTATTGGCAGAAATTG-1,1
GTATTGGTCTCCCAAC-1,2
GTATTGGTCTTTCTAG-1,1
GTATTTCAGAACTCCT-1,1
GTATTTCCACGTAGAG-1,1
GTATTTCGTAGCGTCC-1,1
GTATTTCTCAACTCTT-1,3
GTATTTCTCAAGATAG-1,1
GTCAAACAGAATCGTA-1,1
GTCAAACAGACCTTTG-1,2
GTCAAACAGTTCTCTT-1,1
GTCAAACCAAATACAG-1,1
GTCAAACCAATCACGT-1,1
GTCAAACGTTGTCTAG-1,1
GTCAAACTCAAGCCAT-1,1
GTCAAGTAGATTGACA-1,1
GTCAAGTAGTTACGGG-1,3
GTCAAGTCATTGCTTT-1,1
GTCAAGTGTACAGTCT-1,1
GTCAAGTTCAATCCGA-1,1
GTCACGGGTGTGTGGA-1,2
GTCACTCGTTCTCGCT-1,3
GTCACTCGTTGCGGCT-1,2
GTCACTCTCCTCTAAT-1,1
GTCAGCGAGGACATCG-1,1
GTCAGCGCACTGATTG-1,1
GTCAGCGCAGGCGTTC-1,2
GTCAGCGGTGCGTGCT-1,1
GTCAGCGGTTGCGGAA-1,2
GTCAGCGGTTTCTATC-1,1
GTCAGCGTCAAGTTGC-1,1
GTCAGCGTCATTCATC-1,1
GTCATCCAGGAGAGTA-1,2
GTCATCCCATGGATCT-1,1
GTCATCCGTGATTCTG-1,1
GTCATCCTCCACAGGC-1,1
GTCATCCTCCTCAGGG-1,1
GTCATGACACCAGTAT-1,1
GTCATGAGTAGGACCA-1,1
GTCATGAGTCTAGATC-1,1
GTCATTTCACACCTTC-1,2
GTCATTTCACCCTAAA-1,1
GTCATTTGTACGACAG-1,3
GTCATTTTCCACACCT-1,1
GTCATTTTCGTTCGCT-1,1
GTCCACTAGGGAGATA-1,1
GTCCACTAGTTAGTAG-1,1
GTCCACTGTAGAGGAA-1,1
GTCCACTTCGACCAAT-1,1
GTCCCATCAGAACGCA-1,1
GTCCCATCAGCACAAG-1,3
GTCCCATCATAATCCG-1,1
GTCCCATGTTGCATGT-1,1
GTCCTCAGTCCGGTCA-1,3
GTCCTCAGTGTAGCAG-1,1
GTCCTCAGTTTACTTC-1,2
GTCGAATAGTAGGTTA-1,1
GTCGAATAGTCGCTAT-1,2
GTCGAATTCAAAGAAC-1,1
GTCGAATTCAGCGGAA-1,1
GTCGAATTCGTCTAAG-1,1
GTCGCGAAGCACCTGC-1,1
GTCGCGACACGACAGA-1,1
GTCGCGACATACCATG-1,1
GTCGTAAAGAAGCCTG-1,1
GTCGTAAAGTAGACCG-1,1
GTCGTTCAGTCCTGCG-1,3
GTCGTTCCACTGAGGA-1,1
GTCGTTCTCATGCCAA-1,2
GTCTACCAGTGAATAC-1,3
GTCTACCCATTGACCA-1,1
GTCTACCGTATTCCTT-1,2
GTCTACCGTCCATACA-1,2
GTCTACCTCCAAGAGG-1,1
GTCTACCTCGAGTTGT-1,1
GTCTACCTCGGTAACT-1,1
GTCTAGAAGAGTACCG-1,3
GTCTAGAAGCATTTCG-1,1
GTCTAGAAGTTCCGGC-1,1
GTCTAGACAAGCTCTA-1,2
GTCTAGACAAGTACCT-1,1
GTCTAGACATCCGATA-1,1
GTCTAGAGTACTAAGA-1,1
GTCTAGAGTATCGATC-1,2
GTCTAGAGTTCTCCAC-1,1
GTCTCACAGAATCCCT-1,1
GTCTCACCAAATAAGC-1,1
GTCTCACCACTATCGA-1,1
GTCTGTCAGATTGCGG-1,1
GTCTGTCAGGTGCTAG-1,1
GTCTGTCCAGCAGTTT-1,1
GTCTGTCCATGACTAC-1,1
GTCTGTCGTGGCCCAT-1,1
GTCTGTCTCCCTCAAC-1,1
GTCTGTCTCCGGCAGT-1,1
GTCTGTCTCGCGTGCA-1,1
GTCTGTCTCGCTATTT-1,1
GTCTTTACAGTCAGAG-1,1
GTCTTTAGTTCGGTCG-1,1
GTCTTTATCATCTCTA-1,1
GTGACGCCAGAGTCAG-1,3
GTGAGCCAGATGAATC-1,1
GTGAGCCGTGGTTTAC-1,1
GTGAGCCTCATGACAC-1,2
GTGAGGAAGACCCGCT-1,2
GTGAGGACAGACAAGC-1,2
GTGAGGAGTAATTAGG-1,2
GTGAGGATCTCAGGCG-1,1
GTGAGGATCTGGCCAG-1,1
GTGAGTTCACGGCTAC-1,1
GTGAGTTGTAGTTACC-1,1
GTGAGTTGTGAGATTA-1,1
GTGAGTTTCCTTATAC-1,2
GTGATGTCACACTGGC-1,2
GTGATGTCATCGGTTA-1,2
GTGATGTGTTTACCTT-1,1
GTGATGTTCTTCTGGC-1,3
GTGCACGAGGATGGCT-1,1
GTGCACGGTCCGGCAT-1,1
GTGCACGGTTGCAACT-1,1
GTGCACGTCGCTCTCA-1,1
GTGCAGCAGGAAGTAG-1,1
GTGCAGCAGTACGTCT-1,2
GTGCAGCCAAGCGAAC-1,3
GTGCAGCTCTTAGCTT-1,1
GTGCGTGGTAAGGAGA-1,1
GTGCGTGGTAGTGTGG-1,1
GTGCGTGGTGTAGGAC-1,2
GTGCGTGGTGTCATCA-1,3
GTGCGTGTCCTCTAGC-1,1
GTGCGTGTCGCATAGT-1,1
GTGCGTGTCTAGAACC-1,3
GTGCTGGCAACAGTGG-1,1
GTGCTGGCACCAGACC-1,1
GTGCTGGCAGGATCTT-1,1
GTGCTTCAGAGAAGGT-1,2
GTGCTTCCAGACACAG-1,1
GTGCTTCGTGTAAATG-1,1
GTGCTTCTCCCGTTCA-1,1
GTGGAAGAGGCTGGAT-1,1
GTGGAAGCAGAGTAAT-1,3
GTGGAAGGTGCGCTCA-1,1
GTGGAAGTCCTGATAG-1,1
GTGGAGAAGTCAGCGA-1,1
GTGGAGACAATCGTCA-1,1
GTGGAGACACCAGTAT-1,1
GTGGAGACAGCAAGAC-1,1
GTGGAGAGTGGATCGA-1,1
GTGGCGTAGGCACCAA-1,1
GTGGCGTGTCCGGTGT-1,1
GTGGCGTGTGGTCTAT-1,2
GTGGCGTTCTTCGGTC-1,2
GTGGGAAAGAGGATGA-1,1
GTGGGAACAGCTCTGG-1,1
GTGGGAACATGTGGCC-1,2
GTGGGAAGTCGAGCTC-1,1
GTGGGAATCCAGTTCC-1,1
GTGGGAATCCATCGTC-1,1
GTGGGAATCCTTCACG-1,1
GTGGTTACAATAACCC-1,1
GTGGTTAGTCGCAACC-1,2
GTGGTTAGTTAGGACG-1,2
GTGGTTATCGCAACAT-1,2
GTGGTTATCGTAATGC-1,2
GTGTAACGTAGAAACT-1,1
GTGTAACGTTCTATCT-1,1
GTGTAACTCATGCCCT-1,1
GTGTCCTAGTAAGAGG-1,3
GTGTCCTAGTGTTGAA-1,2
GTGTCCTCAGAGCTAG-1,1
GTGTCCTCAGATCATC-1,2
GTGTCCTGTACAGAAT-1,1
GTGTCCTTCGGTAGGA-1,2
GTGTGATAGAGGGTAA-1,1
GTGTGATCATGACGAG-1,1
GTGTGATGTACAAAGT-1,1
GTGTGATGTTGCACGC-1,1
GTGTGGCAGTCTGGAG-1,2
GTGTGGCCACACCTTC-1,2
GTGTTAGAGAAGATCT-1,2
GTGTTAGAGGGTGGGA-1,2
GTGTTAGGTGGACTAG-1,1
GTGTTCCAGAATTCAG-1,2
GTGTTCCAGATAGTGT-1,3
GTGTTCCCACAATGTC-1,2
GTGTTCCCAGAGACTG-1,3
GTGTTCCCAGAGTTGG-1,2
GTTACAGCAAGATTGA-1,1
GTTACAGCAGAACATA-1,3
GTTACAGCAGATCACT-1,1
GTTACAGGTACGAGTG-1,1
GTTACAGGTAGTCTGT-1,1
GTTACAGGTTGCTCAA-1,1
GTTACCCAGGTAGATT-1,1
GTTACCCTCATGTCTT-1,1
GTTACCCTCGTGAGAG-1,1
GTTACGAAGCATGCAG-1,1
GTTACGACAGGATGAC-1,1
GTTACGATCCCGAGAC-1,3
GTTACGATCGTTAGTG-1,3
GTTAGTGCAACTCGTA-1,1
GTTAGTGCAGAATCGG-1,3
GTTATGGAGGGCAGAG-1,1
GTTATGGAGTATGCAA-1,1
GTTATGGGTACCCGAC-1,1
GTTATGGGTGCGAACA-1,1
GTTCATTAGATCGCTT-1,1
GTTCATTAGCGTGCCT-1,1
GTTCATTAGGATACCG-1,1
GTTCATTAGGCTTTCA-1,1
GTTCATTAGTCATCGT-1,1
GTTCATTCAAGTGCTT-1,1
GTTCATTCAATTTCGG-1,1
GTTCATTCATCATTGG-1,2
GTTCATTGTTCGGGTC-1,3
GTTCCGTAGCGCTGCT-1,2
GTTCCGTAGGTATCTC-1,1
GTTCCGTCAACAACAA-1,3
GTTCCGTGTCACTACA-1,1
GTTCGCTAGATGATTG-1,1
GTTCGCTAGCTCGCAC-1,1
GTTCGCTGTGTTAGCT-1,1
GTTCGCTTCCACAGGC-1,1
GTTCGCTTCCAGCTCT-1,1
GTTCTATAGTCTGTAC-1,1
GTTCTATCACTACACA-1,3
GTTCTATGTACCTAGT-1,1
GTTCTATTCAATCAGC-1,1
GTTGAACCAATAGAGT-1,1
GTTGAACCAGGACTTT-1,3
GTTGAACGTAATTGGA-1,1
GTTGAACTCTGGTGCG-1,1
GTTGCGGGTCACCGAC-1,1
GTTGCTCCAACAGTGG-1,3
GTTGCTCCATAACTCG-1,2
GTTGCTCGTATACCCA-1,1
GTTGCTCGTGCCGTTG-1,1
GTTGCTCTCTCCGATC-1,1
GTTGTAGGTAGCGTAG-1,2
GTTGTAGGTTGTTTGG-1,1
GTTGTAGTCCTTCACG-1,1
GTTGTAGTCGGTAGGA-1,2
GTTGTAGTCTGCGATA-1,1
GTTGTCCAGATCCCAT-1,2
GTTGTCCCAGGCTCTG-1,1
GTTGTCCTCAACACCA-1,1
GTTGTGAAGACTTCCA-1,1
GTTGTGAAGTAACGAT-1,3
GTTTACTAGAGTGGCT-1,1
GTTTACTCAAGTCCCG-1,1
GTTTACTGTCATCGCG-1,1
GTTTACTGTTGAGGAC-1,3
GTTTACTTCGCTGTCT-1,1
GTTTGGATCCATGAGT-1,1
GTTTGGATCGGAGTAG-1,2
TAACACGAGTTTCGGT-1,1
TAACACGCAGGGTTGA-1,3
TAACACGGTATATGGA-1,1
TAACACGGTGAGCAGT-1,1
TAACCAGGTAAGCGGT-1,1
TAACCAGTCGACCTAA-1,1
TAACCAGTCTACGGGC-1,2
TAACGACAGATGTAGT-1,1
TAACGACCAACGCCCA-1,1
TAACGACGTTTGAACC-1,2
TAACTTCAGATCCGAG-1,1
TAACTTCAGCACTAAA-1,1
TAACTTCAGCTGGCCT-1,2
TAACTTCAGTCAGAGC-1,1
TAACTTCGTTGTGTTG-1,1
TAACTTCTCGCCAACG-1,2
TAAGCACAGCCTCCAG-1,1
TAAGCACAGCTAATGA-1,2
TAAGCACCACCGGTCA-1,1
TAAGCACCACCGTGCA-1,1
TAAGCCATCCAGTGCG-1,2
TAAGCGTCACCTGAAT-1,1
TAAGCGTCAGCTACCG-1,1
TAAGCGTGTGAGATTA-1,1
TAAGCGTTCTGGGCGT-1,1
TAAGTCGAGTACTGGG-1,1
TAAGTCGGTGGTTCTA-1,1
TAATCTCCACACTTAG-1,1
TAATCTCCATCATGAC-1,1
TAATCTCGTACACTCA-1,3
TAATCTCGTGACCTGC-1,1
TAATCTCTCTTTCCAA-1,1
TAATTCCAGGCGTTGA-1,2
TAATTCCAGTAGCCAG-1,1
TAATTCCGTAACAGGC-1,1
TAATTCCTCCATGAGT-1,1
TACAACGTCCACCCTA-1,1
TACACCCAGCGATGGT-1,1
TACACCCCATCTGGGC-1,2
TACACCCGTACCTTCC-1,1
TACACCCGTCGAAACG-1,1
TACAGGTGTCTCAGGC-1,2
TACAGGTGTGCCAAGA-1,1
TACAGGTTCGACGAGA-1,1
TACATTCCACTTCCTG-1,1
TACATTCGTTCTTAGG-1,1
TACATTCTCACCTCAC-1,1
TACATTCTCAGAACCT-1,1
TACATTCTCCAACACA-1,2
TACATTCTCTATACTC-1,1
TACCCACAGACGTCGA-1,1
TACCCACAGAGCTGCA-1,1
TACCCACAGTGAGGCT-1,1
TACCCACCACCTCGTT-1,2
TACCCACCACGTGTGC-1,1
TACCCGTAGATACATG-1,1
TACCCGTAGTATGATG-1,3
TACCCGTGTAACACCT-1,1
TACCCGTGTCCGCAGT-1,1
TACCGAAGTAATTAGG-1,2
TACCGAAGTGACTATC-1,1
TACCGAATCCTTTGAT-1,1
TACCGAATCGCTTGAA-1,1
TACCGAATCTTGGGCG-1,1
TACCGGGAGAATTCAG-1,1
TACCGGGTCAATCCGA-1,1
TACCGGGTCACAATGC-1,2
TACCGGGTCTAATTCC-1,1
TACCTCGAGGTATAGT-1,1
TACCTCGCAGAGGTAC-1,1
TACCTCGCAGCACAAG-1,1
TACCTCGTCAAATGCC-1,1
TACCTGCAGAACGTGC-1,1
TACCTGCCAAGAGAGA-1,1
TACCTGCCATTGAAGA-1,1
TACCTGCGTAACGATA-1,1
TACCTGCGTCGCACGT-1,1
TACCTGCTCGTTCATT-1,1
TACGCTCAGGTACCTT-1,3
TACGCTCCAACGGTAG-1,1
TACGCTCCATCCTAAG-1,1
TACGCTCTCAGTAGGG-1,1
TACGCTCTCCCGTAAA-1,1
TACGGGCGTTGGATCT-1,1
TACGGGCTCCTAGCGG-1,2
TACGGGCTCTCGGCTT-1,1
TACGGTAAGTTCCATG-1,1
TACGGTACAGTAACGG-1,1
TACGGTACATTGACTG-1,1
TACGGTAGTAGGCTCC-1,1
TACGGTAGTGCGACAA-1,1
TACGTCCAGACAAGCC-1,1
TACGTCCAGTCTCGTA-1,2
TACGTCCCAACACACT-1,1
TACGTCCCACGACGCT-1,1
TACGTCCCACTGTTCC-1,2
TACGTCCTCAAACCTG-1,3
TACGTCCTCGAGTGGA-1,1
TACTGCCAGGCGCTTC-1,1
TACTGCCCACAACCGC-1,1
TACTGCCGTAATACCC-1,1
TACTGCCGTGTAAATG-1,1
TACTTACGTAGAAACT-1,1
TACTTACGTTGGGTAG-1,1
TACTTACTCCGGTTCT-1,3
TACTTACTCCTATTTG-1,1
TACTTCAAGTCGAAGC-1,1
TACTTCACAACAAAGT-1,1
TACTTCACACAACGCC-1,1
TACTTCATCTTCACAT-1,1
TACTTGTGTCAAGTTC-1,3
TACTTGTGTCCGTACG-1,1
TACTTGTTCTAGACAC-1,1
TAGACCACAGGAGGTT-1,1
TAGACCAGTAAGCAAT-1,1
TAGACCATCCATTTGT-1,1
TAGACCATCTCCATAT-1,1
TAGACTGCAGTAACAA-1,2
TAGACTGTCCAGCTCT-1,2
TAGATCGAGGATTCAA-1,1
TAGATCGCAAAGCTAA-1,1
TAGATCGCATGACGGA-1,1
TAGATCGGTCACCGAC-1,3
TAGCACAAGATCCCAT-1,1
TAGCACACATAATGCC-1,3
TAGCACACATGGCTGC-1,1
TAGGAGGCAAGTGATA-1,1
TAGGAGGCATACTGAC-1,2
TAGGAGGGTGGTCAAG-1,1
TAGGGTTGTTGTACGT-1,1
TAGGTACGTTACGCCG-1,3
TAGGTACGTTGTCATG-1,1
TAGGTTGCAGATCACT-1,3
TAGGTTGGTATTGAGA-1,1
TAGGTTGGTTAACCTG-1,3
TAGGTTGGTTTCGTGA-1,1
TAGGTTGTCCTCTCGA-1,1
TAGGTTGTCGAGTTGT-1,3
TAGGTTGTCTATACGG-1,3
TAGTGCAAGGTAAACT-1,2
TAGTGCAAGTTACGTC-1,3
TAGTGCACAACTCCCT-1,1
TAGTGCATCACAATGC-1,1
TATACCTGTCTGTAAC-1,2
TATACCTGTTCCGCAG-1,1
TATACCTTCCGTAGGC-1,1
TATATCCAGGATACGC-1,1
TATATCCGTACCGTCG-1,3
TATATCCGTGCATTAC-1,1
TATATCCTCCATTGTT-1,2
TATATCCTCCGGCAGT-1,1
TATCAGGCAGCCTTCT-1,3
TATCAGGGTCATATGC-1,1
TATCAGGTCGCTCCTA-1,2
TATCCTAAGGCACTAG-1,2
TATCCTAAGTGCTAGG-1,1
TATCCTATCTGAGGCC-1,1
TATCGCCCAGCAATTC-1,1
TATCTGTAGAAACCAT-1,1
TATCTGTAGCTTAGTC-1,1
TATCTGTCAGTCGAGA-1,3
TATCTGTGTGGTAACG-1,2
TATCTTGAGTCTAGCT-1,1
TATCTTGCAACACGAG-1,1
TATCTTGCACTTCCTG-1,1
TATCTTGTCAGCTAGT-1,2
TATGTTCAGCGTGTTT-1,1
TATGTTCAGGATATGT-1,1
TATGTTCCAAGCCTGC-1,1
TATGTTCCAATCCTTT-1,1
TATGTTCTCGTCAAAC-1,1
TATTCCAAGGTCTGGA-1,2
TATTCCACAGTGGCTC-1,1
TATTCCAGTTGGTACT-1,2
TATTCCATCCCAACTC-1,1
TATTCCATCGTAGAGG-1,1
TATTGCTCAGACTCTA-1,1
TATTGCTGTGTTGACT-1,3
TATTGGGCACACGGTC-1,3
TATTGGGGTGGACTGA-1,1
TATTGGGTCATACGGT-1,1
TATTTCGCAGGGAATC-1,1
TATTTCGTCACTACGA-1,1
TATTTCGTCGCAGTCG-1,1
TATTTCGTCTACGGGC-1,1
TCAAGACAGCCAGTAG-1,1
TCAAGACAGCGAGTAC-1,1
TCAAGACCAACCGTAT-1,1
TCAAGACCACAGTCCG-1,1
TCAAGACGTGTTCGAT-1,1
TCAAGCACAGTAACCT-1,1
TCAAGCACAGTCACGC-1,1
TCAAGTGCATTGGGAG-1,1
TCAAGTGGTCCACATA-1,1
TCAAGTGGTCGTGGTC-1,3
TCAATCTAGTCGAAAT-1,1
TCAATCTCAAGTACCT-1,1
TCAATCTCAGAGCGTA-1,2
TCAATCTGTCCGAAGA-1,2
TCAATCTGTGTGACCC-1,2
TCAATTCAGACTTGTC-1,2
TCAATTCAGAGTCCGA-1,1
TCAATTCCATAATCCG-1,1
TCAATTCGTCTTCTAT-1,3
TCAATTCGTCTTGTCC-1,3
TCAATTCTCGTCTACC-1,1
TCACAAGAGCTTCATG-1,1
TCACAAGAGTATTCCG-1,2
TCACACCAGGGTCACA-1,2
TCACACCCAGGAATCG-1,2
TCACACCTCGTTGTTT-1,1
TCACACCTCTCGTCGT-1,2
TCACATTCAAATTAGG-1,3
TCACATTGTCTCCCTA-1,1
TCACATTGTGAAGCTG-1,1
TCACATTTCATTCACT-1,2
TCACATTTCGGACTTA-1,1
TCACATTTCGGTGCAC-1,2
TCACGCTAGCAACAGC-1,1
TCACGCTCATTGGGAG-1,1
TCACGCTTCCAATGCA-1,1
TCACGCTTCGACGCTG-1,1
TCACGCTTCTGAGTCA-1,1
TCACGGGAGCCTGAAG-1,1
TCACGGGTCGGTGTTA-1,1
TCACTATCAAATCCCA-1,2
TCACTATGTTACCGTA-1,1
TCACTCGAGTGGGAAA-1,1
TCACTCGCAATTTCCT-1,3
TCACTCGGTATCCTTT-1,1
TCAGCAAAGCTCAGAG-1,1
TCAGCAATCCACTGGG-1,1
TCAGCCTAGAGGACTC-1,1
TCAGCCTAGCACCGTC-1,1
TCAGCCTCATGACGTT-1,2
TCAGCCTCATTGCCGG-1,1
TCAGCCTGTCCGGTGT-1,3
TCAGCCTGTCGCTTAA-1,1
TCAGGGCAGAGTTGCG-1,1
TCAGGGCAGTGTCATC-1,3
TCAGGGCCACTGCGTG-1,1
TCAGGGCGTGACCTGC-1,1
TCAGGGCGTTAGAGAT-1,3
TCAGGGCTCGACACCG-1,1
TCAGGGCTCGCCTAGG-1,1
TCAGGGCTCGCTACAA-1,3
TCAGGTAAGAATAACC-1,2
TCAGGTACAAGTTCGT-1,1
TCAGGTACAGTCAGTT-1,2
TCAGGTATCCAAAGGG-1,1
TCAGGTATCCCATAAG-1,2
TCAGTCCAGCTCGAAG-1,2
TCAGTCCTCCGCACTT-1,1
TCAGTCCTCGGTCATA-1,1
TCAGTGAAGGGACAGG-1,3
TCAGTGACAAGTGCTT-1,2
TCAGTGACACCCAACG-1,3
TCAGTGACATGGGTTT-1,1
TCAGTTTAGCACCGTC-1,1
TCAGTTTAGCATACTC-1,1
TCAGTTTAGCGGTAAC-1,1
TCAGTTTAGGTTGAGC-1,1
TCAGTTTAGTCTGCAT-1,1
TCAGTTTCACGTCGGT-1,1
TCAGTTTGTATACGGG-1,1
TCATACTCATTGGCAT-1,1
TCATACTTCGGTCTGG-1,1
TCATATCAGCAACCAG-1,2
TCATATCCAATTCTTC-1,1
TCATATCCACCTGCGA-1,2
TCATATCCAGACAATA-1,1
TCATATCCATGGGATG-1,2
TCATATCTCGCTAGCG-1,1
TCATATCTCTTCCGTG-1,2
TCATCATAGCGCCTTG-1,1
TCATCATTCCTTGGAA-1,3
TCATCATTCGCGGACT-1,3
TCATCCGAGAGCTTTC-1,1
TCATGAGAGAAATGGG-1,1
TCATGAGAGCATGGGT-1,1
TCATGAGAGCCATGCC-1,3
TCATGAGAGCGAGAAA-1,2
TCATGAGCAACGACTT-1,1
TCATGAGCAGACACAG-1,1
TCATGAGGTTGGGAAC-1,1
TCATGCCCAATTCTCT-1,1
TCATGCCCATACCGTA-1,1
TCATGCCGTCACCCTT-1,2
TCATGCCTCATGGGAG-1,2
TCATGGAAGGTCCCGT-1,3
TCATGGAGTACTCGAT-1,2
TCATGGATCATGACAC-1,1
TCATGGATCGATTCCC-1,1
TCATGGATCTACACAG-1,1
TCATGTTCAGCTCGGT-1,2
TCATGTTCATGACGGA-1,1
TCATGTTGTGTGAATA-1,1
TCATGTTTCAATCTCT-1,2
TCATGTTTCCATTTCA-1,1
TCATGTTTCCTGGTCT-1,1
TCATGTTTCGACCACG-1,1
TCATTACAGGAAGTGA-1,3
TCATTACGTATTGCCA-1,1
TCATTACGTGATATAG-1,2
TCATTACGTGCTCTCT-1,1
TCATTCAAGAGTTCGG-1,2
TCATTCAAGATAGTCA-1,3
TCATTCACACACCAGC-1,1
TCATTCACATGACTGT-1,1
TCATTCAGTAACCCGC-1,2
TCATTCAGTGATTCTG-1,1
TCATTCAGTTGTGGCC-1,1
TCATTCATCCTTACCG-1,1
TCATTGTAGATGTTAG-1,1
TCATTGTAGCGTGTCC-1,1
TCATTGTGTTCTTAGG-1,1
TCATTTGAGACATCAA-1,2
TCATTTGAGAGAGCAA-1,3
TCATTTGAGGCACGAT-1,1
TCATTTGTCGTTCAGA-1,3
TCCACCAAGACAAGCC-1,1
TCCACCACAGAGGACT-1,1
TCCACCACATCCGGTG-1,2
TCCACCAGTAACGGTG-1,1
TCCACCAGTTCGATTG-1,1
TCCACCATCGTTCCCA-1,2
TCCACGTAGAGGGCGA-1,1
TCCACGTAGTGCACAG-1,3
TCCACGTCACGTGAGA-1,1
TCCACGTCATGACGTT-1,1
TCCACGTGTCATCGGC-1,1
TCCAGAAAGTCGTCTA-1,3
TCCAGAAGTACAACGG-1,1
TCCAGAAGTCAGACGA-1,2
TCCAGAATCCGGTAGC-1,2
TCCATCGAGCCGCACT-1,1
TCCATCGTCTCTAAGG-1,1
TCCATCGTCTGTCGTC-1,1
TCCATGCCACAAGCCC-1,3
TCCATGCGTATGTCTG-1,3
TCCATGCTCAGGAGAC-1,3
TCCATGCTCCATCTGC-1,1
TCCCACAAGCGCCTCA-1,3
TCCCACAAGTCATGAA-1,1
TCCCACACATGGAGAC-1,1
TCCCACATCTTCGGAA-1,1
TCCCAGTAGAAGCGGG-1,1
TCCCAGTAGCGTCTCG-1,1
TCCCATGAGGTGTGAC-1,1
TCCCATGAGTCTTCGA-1,1
TCCCATGCATCCGAGC-1,1
TCCCATGCATCCTTCG-1,1
TCCGAAAAGCATCCTA-1,1
TCCGAAACACATATGC-1,1
TCCGAAACACGTACAT-1,1
TCCGAAACATGGATCT-1,2
TCCGAAATCGTAGGGA-1,1
TCCGAAATCTAAGCGT-1,1
TCCGAAATCTGTAACG-1,1
TCCGATCCAGGCACTC-1,1
TCCGATCTCTTGATTC-1,3
TCCGGGACAATTGTGC-1,1
TCCGGGACATGCAGCC-1,1
TCCGGGATCCACGGAC-1,1
TCCGTGTCAACGGCCT-1,1
TCCGTGTCAAGGTCTT-1,1
TCCGTGTGTGGTCTGC-1,2
TCCTAATAGGGCGAAG-1,1
TCCTCCCAGAGCAACC-1,1
TCCTCCCCAAATTGCC-1,2
TCCTCCCCAACTGTGT-1,1
TCCTCCCGTTCGGTCG-1,1
TCCTCGAAGACGATAT-1,1
TCCTCGACAATGCTCA-1,1
TCCTCGACATGGCTAT-1,1
TCCTCGATCAGGTGTT-1,1
TCCTCTTCACCTAAAC-1,1
TCCTCTTCATTGTCGA-1,1
TCCTCTTGTATCGAGG-1,2
TCCTCTTGTTGAGGAC-1,1
TCCTCTTTCGACACTA-1,1
TCCTGCAAGACTGGGT-1,1
TCCTGCAAGTAAGACT-1,1
TCCTGCAGTCGTATGT-1,3
TCCTTCTAGTTCTCTT-1,1
TCCTTCTCAACCGACC-1,1
TCCTTCTGTTTAGTCG-1,1
TCCTTCTTCAGAGCGA-1,1
TCCTTCTTCCGTGTAA-1,2
TCCTTCTTCGCAGTGC-1,2
TCCTTTCAGACAACTA-1,2
TCCTTTCCATTGACCA-1,1
TCCTTTCGTCTCCCTA-1,3
TCCTTTCGTCTCGACG-1,1
TCGAACAAGTTAACGA-1,1
TCGAACACAGTAACCT-1,1
TCGAACACATCGCTGG-1,2
TCGAACATCTCCATAT-1,1
TCGACCTAGCGACTAG-1,3
TCGACCTCAAGCGCTC-1,2
TCGACCTGTCTGTCCT-1,2
TCGACGGGTGACTGAG-1,3
TCGACGGGTGGAAGTC-1,2
TCGATTTAGACGCATG-1,1
TCGATTTCAATTCTCT-1,1
TCGATTTCACCATATG-1,2
TCGATTTCACCTTCCA-1,1
TCGATTTGTGTCATCA-1,1
TCGATTTTCCCGAAAT-1,1
TCGATTTTCGTGTGGC-1,1
TCGATTTTCTAGGCCG-1,2
TCGCACTAGGAGAATG-1,1
TCGCACTCACAGTATC-1,1
TCGCACTCACGACAGA-1,1
TCGCACTCAGAACTTC-1,1
TCGCACTCATCATCTT-1,1
TCGCACTGTCTTTCAT-1,3
TCGCACTGTGACAGGT-1,1
TCGCACTGTTCGAAGG-1,1
TCGCACTTCATCGACA-1,2
TCGCACTTCTTCTCAA-1,1
TCGCAGGGTCTCACGG-1,1
TCGCAGGGTCTTCGAA-1,1
TCGCAGGGTTGTCCCT-1,1
TCGCAGGTCAGCTAGT-1,1
TCGCAGGTCCACATAG-1,1
TCGCTCACACATGTTG-1,1
TCGCTCATCAGTGTGT-1,1
TCGCTTGGTGTTCATG-1,1
TCGCTTGTCTGCGAGC-1,1
TCGGATAAGGAAACGA-1,1
TCGGATACAAGTGATA-1,1
TCGGATAGTGTCCTAA-1,1
TCGGATATCATTACTC-1,1
TCGGATATCTAGGCCG-1,3
TCGGGACAGGCTAACG-1,1
TCGGGACCACATACTG-1,1
TCGGGCAAGGTGCAGT-1,1
TCGGGCACACCCTAGG-1,1
TCGGGCAGTAGTGATA-1,2
TCGGGCAGTGTCCAAT-1,1
TCGGGTGAGTAGTCCT-1,1
TCGGGTGAGTCGGGAT-1,2
TCGGGTGAGTTGCCTA-1,3
TCGGGTGCAGCACACC-1,1
TCGGGTGCATCGGCCA-1,1
TCGGGTGTCCACAGGC-1,2
TCGGGTGTCTCAATCT-1,3
TCGGTCTCACATATGC-1,1
TCGGTCTGTCAGGCAA-1,1
TCGTAGAAGATTCGAA-1,1
TCGTAGAAGTAGTGCG-1,3
TCGTAGACATTGAAGA-1,3
TCGTAGAGTCCAAAGG-1,3
TCGTCCAAGGCATCAG-1,1
TCGTCCACATCGGATT-1,1
TCGTCCAGTACCCGAC-1,1
TCGTCCAGTGGCTCTG-1,1
TCGTCCATCCTGTTGC-1,1
TCGTCCATCGAATCCA-1,1
TCGTGCTAGACCTTTG-1,1
TCGTGCTAGTTACGTC-1,1
TCGTGCTCACACAGCC-1,1
TCGTGCTCATAACGGG-1,1
TCGTGGGAGCACTAGG-1,1
TCGTGGGGTGACAACG-1,1
TCTAACTCAGTGCCTG-1,3
TCTAACTCATGTCAGT-1,1
TCTAACTGTGGAGAAA-1,1
TCTAACTTCCGATAAC-1,1
TCTACATAGAATACAC-1,1
TCTACATAGGTACCTT-1,1
TCTACATGTAGAATGT-1,1
TCTACATTCACTTGTT-1,1
TCTACATTCCGATCTC-1,1
TCTACCGAGTAGTCCT-1,1
TCTACCGCACACGGAA-1,1
TCTACCGCAGCGTGCT-1,1
TCTACCGTCTCAACCC-1,1
TCTATACAGGCACCAA-1,2
TCTATACGTAATGCGG-1,1
TCTATACGTTGAGGAC-1,1
TCTATCAAGACTCCGC-1,1
TCTATCACACCGTACG-1,3
TCTATCACATCGAAGG-1,1
TCTATCAGTCATGACT-1,1
TCTCACGCAGATCCAT-1,3
TCTCACGGTACCTATG-1,2
TCTCACGTCGAATCCA-1,2
TCTCAGCAGGAAGTCC-1,1
TCTCAGCCAAACCACT-1,3
TCTCAGCTCAGAGTGG-1,1
TCTCAGCTCCATTTCA-1,1
TCTCCGACAAATAGCA-1,2
TCTCCGACAGCGTTGC-1,1
TCTCCGACAGTGTATC-1,1
TCTCCGACATGAAGGC-1,2
TCTCCGAGTCATCGCG-1,1
TCTCCGAGTCGCCTAG-1,1
TCTCTGGGTCGCGGTT-1,1
TCTCTGGTCCACTTTA-1,1
TCTCTGGTCTGATTCT-1,3
TCTGCCAAGTGATGGC-1,2
TCTGCCAAGTGTGTTC-1,1
TCTGCCACAGAGATTA-1,2
TCTGGCTCATCCGCGA-1,1
TCTGGCTGTTGTTGCA-1,1
TCTGTCGTCACTCGAA-1,3
TCTTAGTCAATGACCT-1,1
TCTTAGTGTATTGCCA-1,1
TCTTAGTGTGCGAACA-1,1
TCTTAGTTCATCACCC-1,1
TCTTCCTAGAATTGCA-1,1
TCTTCCTAGAGTATAC-1,1
TCTTCCTAGCCATATC-1,1
TCTTCCTCAATCCTAG-1,1
TCTTCCTCACGTCATA-1,3
TCTTCCTGTCACTCAA-1,3
TCTTCCTTCTTACGGA-1,1
TCTTGCGAGGCATTTC-1,1
TCTTGCGCAACACACT-1,1
TCTTGCGCAGCTTCGG-1,1
TCTTGCGGTACCTTCC-1,1
TCTTGCGGTTGAGAGC-1,1
TCTTTGACAGCTGTCG-1,2
TCTTTGAGTACGCTAT-1,1
TCTTTGAGTCGTACAT-1,1
TCTTTGAGTGATGAAT-1,1
TCTTTGAGTGCGGATA-1,1
TGAACGTAGCTTCATG-1,1
TGAACGTCATGACTGT-1,1
TGAACGTGTCCTGGGT-1,3
TGAACGTGTCGCATCG-1,1
TGAATCGAGCTGAGCA-1,3
TGAATCGAGGCACTCC-1,1
TGAATCGAGTATGGCG-1,2
TGAATCGGTATGGAGC-1,1
TGAATCGGTTAAGCAA-1,1
TGAATCGTCCCTGTTG-1,1
TGAATGCAGAGAGGGC-1,1
TGAATGCCAAGTGTCT-1,3
TGAATGCCATTGGGAG-1,1
TGAATGCTCATGGAGG-1,2
TGACAGTCACAACGCC-1,2
TGACAGTCACTGTTCC-1,1
TGACAGTCATCAGTGT-1,2
TGACAGTTCGGCGATC-1,1
TGACCCTAGCTCTATG-1,1
TGACCCTGTTGTAAAG-1,1
TGACCCTTCACCATGA-1,3
TGACCCTTCCCATAGA-1,1
TGACGCGAGACTACGG-1,2
TGACGCGAGGACAGCT-1,1
TGACGCGTCCTCAGGG-1,1
TGACTCCAGGGTCACA-1,1
TGACTCCCAGCTGGTC-1,1
TGACTCCCAGTAACCT-1,1
TGAGACTAGCAGCCTC-1,1
TGAGACTAGTCCTGTA-1,1
TGAGACTCAGGTACGA-1,1
TGAGACTTCAAAGAAC-1,1
TGAGCATAGATGTTAG-1,2
TGAGCATAGCCTCCAG-1,1
TGAGCATCAACTCCAA-1,1
TGAGCATGTGGGATTG-1,1
TGAGCGCCACGAAAGC-1,1
TGAGCGCCATGGCCAC-1,2
TGAGCGCGTGTGACCC-1,1
TGAGCGCTCATTACGG-1,1
TGAGGAGAGTCAGCCC-1,1
TGAGGAGAGTGACACG-1,1
TGAGGAGCATAGTCAC-1,1
TGAGGAGTCCCAGCGA-1,1
TGAGGAGTCCCGGTAG-1,1
TGAGGGAAGCCTGTCG-1,3
TGAGGGACAATTCTCT-1,1
TGAGGGACACACCTAA-1,1
TGAGGGACACGCTGAC-1,3
TGAGGGACATCCAACA-1,1
TGAGGTTAGCAGGGAG-1,1
TGAGGTTAGGGCAGGA-1,1
TGAGGTTGTTGGGATG-1,1
TGAGGTTGTTTCCATT-1,1
TGAGGTTTCCGGTAAT-1,1
TGAGTCATCAACGAGG-1,2
TGATCAGCAAATGGCG-1,1
TGATCAGCAAGGTCGA-1,1
TGATCAGCAGCTAACT-1,1
TGATCAGGTACGATTC-1,2
TGATCAGGTGCCCTTT-1,2
TGATCAGTCATGCCCT-1,2
TGATCAGTCGTTGTAG-1,3
TGATGCAAGGAACGTC-1,1
TGATGCACACTTGAAC-1,1
TGATGCACAGTCGCAC-1,3
TGATGCAGTCTGTAAC-1,1
TGATGGTGTTCGTGCG-1,1
TGATGGTGTTCTAACG-1,1
TGATGGTGTTGCTCGG-1,2
TGATGGTTCTCCTACG-1,1
TGATTCTAGATACAGT-1,1
TGATTCTAGCCTGAAG-1,2
TGATTCTCAAATCAGA-1,1
TGATTCTCACAGTCGC-1,1
TGATTCTGTGCCGTTG-1,1
TGATTCTTCACTGCTC-1,2
TGATTCTTCTCCTGCA-1,1
TGATTTCAGAAACTCA-1,1
TGATTTCAGGTAACTA-1,1
TGATTTCAGTCTAACC-1,1
TGCACGGGTAGTCGGA-1,1
TGCACGGGTCCCTAAA-1,3
TGCACGGTCGGTAAGG-1,1
TGCAGATCACACCGCA-1,1
TGCAGATGTACGAGTG-1,1
TGCAGATTCCGTATAG-1,1
TGCAGATTCGATACAC-1,1
TGCAGGCAGCCGATCC-1,1
TGCAGGCAGGAGCAAA-1,1
TGCAGGCAGTTAGTGA-1,1
TGCAGGCCACTGGCCA-1,1
TGCAGGCGTGCACGCT-1,1
TGCAGGCGTGGGAGAG-1,1
TGCAGGCTCAGCACCG-1,1
TGCAGTAGTACGGGAT-1,1
TGCATCCCAAACACGG-1,3
TGCATCCCAATTGGTC-1,1
TGCATCCCACCGGCTA-1,1
TGCATCCGTGAGCTCC-1,2
TGCATGACATGTCTAG-1,2
TGCATGAGTTCGTAAC-1,1
TGCATGATCACTCACC-1,1
TGCATGATCTCCTGAC-1,2
TGCATGATCTCTCCGA-1,1
TGCCGAGGTAGGCTGA-1,2
TGCCGAGGTATCGAAA-1,3
TGCCGAGGTATCGTGT-1,1
TGCCGAGTCTTCTGTA-1,1
TGCGACGAGATTTGCC-1,1
TGCGACGAGCCATGCC-1,2
TGCGACGCAGTAACAA-1,1
TGCGACGCATCTGGGC-1,1
TGCGACGTCCATTTCA-1,1
TGCGACGTCCTTCTGG-1,1
TGCGACGTCCTTCTTC-1,1
TGCGACGTCGGACCAC-1,1
TGCGATAAGCCTCTTC-1,1
TGCGATAAGCCTTGAT-1,1
TGCGATAAGCTGGTGA-1,3
TGCGATACAATGAGCG-1,3
TGCGATAGTAGCGATG-1,1
TGCGATAGTTATCCAG-1,2
TGCGATATCCTATTGT-1,1
TGCGATATCTCGCTTG-1,3
TGCGGCACACGACGCT-1,1
TGCGGCACAGGCATTT-1,1
TGCGGGTAGGGAACAA-1,1
TGCGGGTTCCATCAGA-1,1
TGCTCCAAGAACAAGG-1,1
TGCTCCACAGCGCGTT-1,1
TGCTCCAGTAATGATG-1,1
TGCTCCAGTCACATTG-1,1
TGCTCCATCCAAGCCG-1,1
TGCTCCATCGGACTGC-1,1
TGCTCGTAGCATGCAG-1,1
TGCTCGTCAGCGACCT-1,2
TGCTCGTGTGAGATTA-1,1
TGCTCGTTCTAAACGC-1,1
TGCTGAAAGTCCCTAA-1,2
TGCTGAACAACGCCCA-1,1
TGCTGAAGTTCCGGTG-1,2
TGCTTCGAGCCGATCC-1,2
TGCTTCGAGCCTGGAA-1,1
TGCTTCGAGCGCCTTG-1,2
TGCTTCGAGTCTGCAT-1,1
TGCTTCGCAGTTGTCA-1,1
TGCTTCGGTCCCTGAG-1,1
TGCTTCGTCGCCAATA-1,1
TGCTTGCAGCACTAAA-1,3
TGCTTGCAGGCCTTCG-1,1
TGCTTGCAGGGACTGT-1,1
TGCTTGCCAAACTGCT-1,1
TGCTTGCGTCGTACAT-1,3
TGCTTGCGTTGCCAAT-1,1
TGGAACTCAGGTCTCG-1,1
TGGAGAGCATGACAAA-1,2
TGGAGAGGTCTGCAAT-1,1
TGGAGAGTCGTGGCTG-1,1
TGGAGGAGTGCACGCT-1,1
TGGAGGATCGCCCAGA-1,1
TGGATCAAGCAACTTC-1,1
TGGATCACATTAAAGG-1,1
TGGATCAGTGTTGCCG-1,1
TGGATCAGTTGCTCAA-1,1
TGGATCATCGGCCAAC-1,2
TGGATGTAGGAACATT-1,1
TGGATGTAGGAATGTT-1,1
TGGATGTAGGTAACTA-1,1
TGGATGTCAACGATCT-1,1
TGGATGTCACACAGAG-1,1
TGGATGTCACCGTCTT-1,1
TGGATGTCACGAGAAC-1,1
TGGATGTGTATGCTAC-1,1
TGGATGTGTGTCCGTG-1,1
TGGATGTTCGTAACTG-1,1
TGGCGTGAGGGCAAGG-1,1
TGGCGTGCATGACGTT-1,1
TGGCGTGGTGGGTTGA-1,1
TGGCGTGTCAGTGCGC-1,1
TGGGAAGGTATGACAA-1,1
TGGGAAGGTTCAAACC-1,1
TGGGAAGTCAAGCCTA-1,1
TGGGAGACACAAATAG-1,2
TGGGAGACACAACGAG-1,1
TGGGAGACACACACGC-1,2
TGGGAGACATGCCGGT-1,1
TGGGAGAGTCTACTGA-1,1
TGGGAGAGTTAGGCTT-1,3
TGGGAGATCCTTCTGG-1,2
TGGGATTGTACTCGAT-1,1
TGGGATTGTCCGGCAT-1,1
TGGGATTGTGGAACCA-1,1
TGGGATTTCCAACTAG-1,1
TGGGATTTCGAGTGGA-1,1
TGGGATTTCGTTGCCT-1,2
TGGGCGTTCATGCAGT-1,1
TGGGCGTTCGTCCTTG-1,1
TGGGCGTTCGTGTGAT-1,1
TGGGCTGAGTTGCTCA-1,1
TGGGCTGCATGTGGCC-1,1
TGGGCTGCATTGGCAT-1,1
TGGGCTGGTGGCCCAT-1,1
TGGGTTAAGGCTGAAC-1,1
TGGGTTACACGTACAT-1,2
TGGGTTAGTAAGCAAT-1,2
TGGGTTAGTCCTGTTC-1,2
TGGGTTAGTGGAACCA-1,1
TGGTACATCAAGCTTG-1,1
TGGTAGTAGGAAACGA-1,2
TGGTAGTCACGCTGCA-1,2
TGGTAGTGTACAGTTC-1,1
TGGTAGTGTCCTCAGG-1,2
TGGTAGTTCTTCACAT-1,1
TGGTGATCAAGAGGTC-1,1
TGGTGATCACGGGCTT-1,1
TGGTGATGTACCTATG-1,1
TGGTGATGTGTAGCAG-1,1
TGGTTAGCATCTTCGC-1,3
TGGTTAGGTCACTCGG-1,1
TGGTTAGGTGATTCAC-1,1
TGGTTAGTCAGGAGAC-1,1
TGTAACGAGGCTTCCG-1,1
TGTAACGCAGAGAATT-1,3
TGTAACGTCTACGCGG-1,3
TGTAAGCAGGAGTACC-1,1
TGTAAGCCACGGCACT-1,1
TGTAAGCCATCGTTCC-1,1
TGTAAGCCATTAAAGG-1,1
TGTAAGCGTCGATTCA-1,1
TGTAAGCGTTCAATCG-1,1
TGTAAGCTCCGATAAC-1,1
TGTAAGCTCGTGTGGC-1,1
TGTAAGCTCTTGGGCG-1,1
TGTACAGCATCGCCTT-1,2
TGTAGACAGCAGGCTA-1,1
TGTAGACAGGAATCGC-1,1
TGTCAGAAGCATAGGC-1,1
TGTCAGACAACACGTT-1,3
TGTCAGACAGACCAGA-1,1
TGTCAGACATTCAGCA-1,1
TGTCCACAGAGGGTCT-1,1
TGTCCACAGCCTGGAA-1,1
TGTCCACCACAATCTG-1,1
TGTCCACCAGCGTGAA-1,1
TGTCCACCAGCTGCCA-1,1
TGTCCACGTACGACTT-1,2
TGTCCACTCTTGCAAG-1,2
TGTCCCAAGAAACTGT-1,3
TGTCCCAAGCGCTGCT-1,1
TGTCCTGAGCAGGGAG-1,1
TGTCCTGAGTAACCGG-1,1
TGTCCTGGTTGCTCGG-1,1
TGTCCTGGTTGGGATG-1,1
TGTGAGTAGCCTTGAT-1,1
TGTGAGTCACTTGTGA-1,3
TGTGAGTCATATGAAG-1,1
TGTGAGTGTGCCTTTC-1,1
TGTGAGTGTGTTAACC-1,1
TGTGATGCATTGCTGA-1,1
TGTGCGGAGACTTCGT-1,2
TGTGCGGCACGCGTGT-1,1
TGTGCGGCACTTGACA-1,1
TGTGCGGCAGCAGACA-1,3
TGTGCGGGTCCTGGTG-1,2
TGTGGCGAGGGCAACT-1,1
TGTGGCGAGTAAGACT-1,1
TGTGGCGTCATGAGTC-1,1
TGTGGCGTCTGCGGAC-1,1
TGTGTGAAGTCACGAG-1,1
TGTGTGACACTGGCGT-1,1
TGTGTGAGTACTGTTG-1,1
TGTGTGAGTAGGCAAC-1,1
TGTGTGATCATCCTAT-1,1
TGTGTGATCGGACGTC-1,1
TGTTCATAGGCCACTC-1,1
TGTTCCGAGACCTTTG-1,1
TGTTCCGAGGTATCTC-1,1
TGTTCCGAGGTTACCT-1,1
TGTTCCGGTGATTCTG-1,1
TGTTCCGGTGTTTCTT-1,1
TGTTCTAAGCAACCAG-1,1
TGTTCTAGTGACTCGC-1,1
TGTTCTAGTGCAATGG-1,2
TGTTCTAGTGCCAAGA-1,3
TGTTCTAGTTGGATCT-1,1
TGTTCTATCCCTGGTT-1,1
TGTTCTATCGTCGATA-1,1
TGTTGAGAGAGTTGAT-1,1
TGTTGAGAGGACTGGT-1,1
TGTTGAGCATCCGGCA-1,1
TGTTGAGGTGGCTACC-1,2
TGTTGGAAGAACTTCC-1,1
TGTTGGAAGATGGCGT-1,1
TGTTGGACAGGGACTA-1,2
TGTTGGATCACGGACC-1,1
TGTTGGATCCTACACC-1,1
TGTTTGTAGCGTGAAC-1,2
TGTTTGTAGGAACGCT-1,1
TGTTTGTAGTGTTCAC-1,1
TGTTTGTCACTTCTCG-1,1
TGTTTGTGTCTCGGAC-1,1
TGTTTGTTCCAACCGG-1,3
TGTTTGTTCCGATGCG-1,3
TGTTTGTTCTGAATCG-1,1
TTAATCCAGAAAGTCT-1,3
TTAATCCAGACTCCGC-1,1
TTAATCCAGTCCTGTA-1,1
TTAATCCGTAGTCCTA-1,2
TTACAGGAGCTGCCAC-1,1
TTACAGGCATGTGGTT-1,1
TTACAGGGTAACAGGC-1,3
TTACAGGTCGCGAAGA-1,2
TTACCATAGGACAGCT-1,1
TTACCATAGGCTTTCA-1,1
TTACCATCACACAGCC-1,1
TTACCGCCAGTGCCTG-1,2
TTACCGCGTAATGCGG-1,1
TTACCGCTCAGACTGT-1,2
TTACCGCTCCCATGGG-1,1
TTACCGCTCGTGTGAT-1,1
TTACGCCAGTGGTTGG-1,2
TTACGCCCAGACTGCC-1,1
TTACGCCGTATACCCA-1,1
TTACGCCGTGGACTGA-1,1
TTACGTTGTCGTGGAA-1,2
TTACGTTTCTAGAGCT-1,1
TTACTGTAGCTTGTGT-1,1
TTACTGTGTCATCGCG-1,1
TTACTGTGTTCTCCAC-1,1
TTAGGCAAGGTCATCT-1,1
TTAGGGTAGCCTCAAT-1,1
TTAGGGTAGGTCGTCC-1,1
TTAGGGTCAACTTCTT-1,1
TTAGGGTCACCATAAC-1,1
TTAGGGTCAGCTGTAT-1,1
TTAGGGTTCTTAGCTT-1,3
TTAGTCTAGAACCCGA-1,1
TTAGTCTCAAACCACT-1,1
TTAGTCTCAAGAGATT-1,1
TTAGTCTCATGCGGTC-1,1
TTAGTCTTCAGAACCT-1,1
TTATTGCCAATACGAA-1,3
TTATTGCCAGTCGTTA-1,2
TTATTGCGTGGATCAG-1,1
TTATTGCTCCTACAAG-1,2
TTCAATCAGACTACGG-1,1
TTCAATCAGCCGAACA-1,1
TTCAATCCAGTAACCT-1,3
TTCACCGCAGTCAGCC-1,1
TTCACCGGTAGGACTG-1,1
TTCACGCCAGTTTGGT-1,1
TTCACGCCATTAGGCT-1,2
TTCACGCTCGATTGGT-1,2
TTCACGCTCGTCGGGT-1,1
TTCACGCTCTCGAGTA-1,1
TTCAGGAAGCTCGTGC-1,1
TTCAGGAAGTCATGCT-1,1
TTCAGGAAGTCGCGAA-1,1
TTCAGGACAGGCTTGC-1,1
TTCAGGAGTGACCTGC-1,1
TTCAGGAGTGATAGTA-1,2
TTCAGGATCCGTTGAA-1,1
TTCAGGATCGGACCAC-1,1
TTCATGTAGAAAGCGA-1,3
TTCATGTAGGGTCACA-1,1
TTCATTGAGCTTGTTG-1,1
TTCATTGAGTGGTTGG-1,1
TTCATTGCACTCCCTA-1,1
TTCATTGCATCACAGT-1,1
TTCATTGGTTTGCCGG-1,1
TTCCAATCACATTACG-1,1
TTCCAATCATTGTCGA-1,1
TTCCACGAGAGCCGTA-1,1
TTCCACGCACGTGTGC-1,3
TTCCACGGTACGCTTA-1,1
TTCCACGGTGTATCCA-1,1
TTCCACGTCCGTATAG-1,1
TTCCGGTCAAGGTCAG-1,1
TTCCGGTCATCATGAC-1,1
TTCCGGTTCGGTTAGT-1,1
TTCCGGTTCTACCTTA-1,1
TTCCGTGAGACCTCAT-1,1
TTCCGTGAGACTTCAC-1,1
TTCCGTGCACGACTAT-1,1
TTCCGTGGTAGAAACT-1,1
TTCCGTGTCTGTTGGA-1,2
TTCCTAAAGATTGGGC-1,1
TTCCTAAGTTCCGCTT-1,1
TTCCTCTCAGCTGCCA-1,1
TTCCTCTGTACAATAG-1,2
TTCCTCTGTGCCTGCA-1,1
TTCCTCTTCACTCTTA-1,1
TTCCTCTTCCCGTGAG-1,1
TTCCTTCAGAAGATCT-1,1
TTCCTTCGTGTCTTAG-1,1
TTCGATTCACTGGATT-1,1
TTCGATTGTTGACTGT-1,1
TTCGCTGAGAGCTGAC-1,1
TTCGCTGAGTCAACAA-1,1
TTCGCTGCATGCCATA-1,1
TTCGCTGTCACTGTTT-1,2
TTCGGTCCAACATCGT-1,1
TTCGGTCGTGAATATG-1,3
TTCGGTCGTTCTCCCA-1,1
TTCTAACAGTACTGGG-1,1
TTCTAACGTATCCCAA-1,1
TTCTAACTCGACATAC-1,1
TTCTAGTAGGTCGTCC-1,1
TTCTAGTAGTTGGCTT-1,2
TTCTAGTCAAGTTTGC-1,1
TTCTAGTGTTTGGGAG-1,1
TTCTAGTTCCCAAGCG-1,1
TTCTCTCAGCTAATGA-1,1
TTCTCTCAGTAGTGCG-1,1
TTCTCTCGTGGACTGA-1,1
TTCTCTCGTGTCGATT-1,2
TTCTCTCTCGTGGCTG-1,3
TTCTGTACACTCTCGT-1,1
TTCTGTACAGGTTCAT-1,1
TTCTGTACATGTTCGA-1,2
TTCTGTAGTTTGCCGG-1,1
TTCTGTATCACAACCA-1,1
TTCTGTATCACTTGTT-1,1
TTCTTCCAGATGAACT-1,1
TTCTTCCCAAGCAATA-1,1
TTCTTCCCATAACTCG-1,1
TTCTTCCGTTCTCTAT-1,2
TTCTTCCTCCAACACA-1,1
TTCTTGAAGTTGGCGA-1,1
TTCTTGAGTCGTATTG-1,1
TTCTTGATCAAGCCGC-1,1
TTCTTGATCATGCCAA-1,1
TTCTTGATCCTACACC-1,1
TTCTTGATCTGTAAGC-1,1
TTGAACGAGATAGCAT-1,1
TTGAACGAGCGCTGAA-1,1
TTGAACGAGGTAGTCG-1,1
TTGAACGCAAATGGCG-1,1
TTGAACGTCATCCTAT-1,1
TTGAACGTCCTTACCG-1,1
TTGACCCAGGGAGATA-1,1
TTGACCCCATAGATGA-1,1
TTGACCCCATGAATAG-1,2
TTGACCCGTAATGCTC-1,1
TTGACCCTCTCTGGTC-1,1
TTGAGTGAGTAATACG-1,1
TTGAGTGGTGCTGCAC-1,1
TTGAGTGGTTTGATCG-1,1
TTGATGGCAGTTTGGT-1,3
TTGATGGCATAGAATG-1,2
TTGCATTAGTATAACG-1,1
TTGCATTTCATTCGTT-1,1
TTGCATTTCCCGAGAC-1,1
TTGCATTTCTTAGGAC-1,1
TTGCCTGAGTTGTAAG-1,1
TTGCCTGCAAGATGTA-1,1
TTGCCTGGTGCACGCT-1,1
TTGCGTCCAACGGTAG-1,3
TTGCGTCCAATCTCTT-1,2
TTGCGTCCAGTAGAGC-1,1
TTGCGTCCATTCTTCA-1,2
TTGCTGCCAATACGCT-1,1
TTGCTGCCACTGCATA-1,1
TTGCTGCTCACCTTGC-1,1
TTGCTGCTCTTTCTAG-1,2
TTGGATGAGATCACTC-1,1
TTGGATGCACTAGGTT-1,1
TTGGATGCATCCGCGA-1,1
TTGGATGGTGCCCTTT-1,1
TTGGATGGTTTCGTAG-1,1
TTGGGATAGGACAGCT-1,1
TTGGGATCATCAGCAT-1,2
TTGGGATGTGGCGCTT-1,1
TTGGGATGTGTAAACA-1,1
TTGGGATTCCGAGAAG-1,1
TTGGGATTCGAGAGCA-1,2
TTGGGCGAGGCACTAG-1,1
TTGGGCGTCATAAGGA-1,1
TTGGGCGTCGTAACCA-1,1
TTGGGCGTCTCATTGT-1,2
TTGGGCGTCTTACGTT-1,3
TTGGGTAAGGGAGGTG-1,2
TTGGGTAAGTAGTCTC-1,1
TTGGGTACAATCTAGC-1,1
TTGGGTACAGGCGATA-1,1
TTGGGTAGTCCAGTTA-1,1
TTGGTTTAGGACTGGT-1,1
TTGGTTTCATCACGGC-1,1
TTGGTTTGTCGCTTAA-1,2
TTGGTTTGTGTTATCG-1,1
TTGGTTTTCACCCTGT-1,1
TTGGTTTTCAGTCCGG-1,2
TTGTGGACATAGAGGC-1,1
TTGTGGACATCTCCCA-1,1
TTGTGGAGTACGAAAT-1,2
TTGTGGATCAAGGAGC-1,1
TTGTGGATCGTTCCTG-1,1
TTGTGTTAGGTCGCCT-1,1
TTGTTCAAGGAGTCTG-1,1
TTGTTCAAGTAATTGG-1,1
TTGTTCAGTAATCAGA-1,1
TTGTTCAGTCTGCAAT-1,1
TTGTTCATCACAATGC-1,3
TTGTTCATCCCAAGCG-1,1
TTGTTCATCGAACACT-1,1
TTGTTGTAGCATCAGG-1,1
TTGTTGTAGCGTTACT-1,2
TTGTTGTAGGGAGAAT-1,1
TTGTTTGAGCTCAGAG-1,2
TTGTTTGCAACTGGTT-1,1
TTGTTTGTCGTTAGTG-1,3
TTGTTTGTCTCACGAA-1,1
TTTACCAAGATGTAGT-1,1
TTTACCAAGTAATACG-1,1
TTTACCACAAGTCCCG-1,1
TTTACCAGTCGGCTAC-1,1
TTTACCATCAGATGCT-1,1
TTTACGTTCCACTTTA-1,3
TTTACTGCATATGGCT-1,2
TTTACTGCATCTGGGC-1,1
TTTACTGCATGACAAA-1,1
TTTACTGGTGGGTATG-1,1
TTTACTGTCCTACTGC-1,1
TTTAGTCAGAAACACT-1,1
TTTAGTCAGCTGAAGC-1,2
TTTAGTCCAAGTTTGC-1,1
TTTAGTCCAATCCTAG-1,2
TTTAGTCGTGGTCTTA-1,2
TTTAGTCTCCATCGTC-1,3
TTTATGCAGCAGTCTT-1,1
TTTATGCAGGATCATA-1,2
TTTATGCGTCCAAGAG-1,2
TTTATGCTCGACCCAG-1,1
TTTATGCTCGTTCAGA-1,1
TTTCACAAGCGATGCA-1,1
TTTCACAAGGATCACG-1,1
TTTCACAAGGATTACA-1,2
TTTCACAAGGCCTAAG-1,1
TTTCACACAATCTCTT-1,3
TTTCAGTAGACCAAAT-1,1
TTTCAGTAGCTTCATG-1,1
TTTCAGTGTTTCGTTT-1,1
TTTCAGTTCCGTCCTA-1,1
TTTCATGAGGGCGAAG-1,1
TTTCATGGTAAGCAAT-1,2
TTTCATGGTCAGACTT-1,2
TTTCATGGTGAATTAG-1,1
TTTCATGTCATCGCAA-1,1
TTTCATGTCCAGTTCC-1,1
TTTCATGTCGAACGGA-1,1
TTTCATGTCTCGCCTA-1,3
TTTCCTCAGGTCGTCC-1,1
TTTCCTCCAAACACGG-1,1
TTTCCTCCAACGATCT-1,1
TTTCCTCGTATGAGGC-1,1
TTTCGATAGTATGGCG-1,2
TTTCGATGTCGGAAAC-1,2
TTTCGATGTTAGAGTA-1,1
TTTGACTAGGACTTCT-1,1
TTTGACTCAAATGCGG-1,1
TTTGACTCACTCCCTA-1,1
TTTGACTCATGCAGCC-1,1
TTTGACTGTTCGGCGT-1,1
TTTGACTTCAAAGAAC-1,1
TTTGATCCAAGTAGTA-1,1
TTTGGAGAGACTGAGC-1,1
TTTGGAGCAGAGGCAT-1,2
TTTGGTTAGAGGTTAT-1,1
TTTGGTTCAGTTACCA-1,1
TTTGGTTCATGATAGA-1,1
TTTGGTTGTCAAAGAT-1,1
TTTGGTTGTCACGACC-1,1
TTTGGTTTCACCCATC-1,2
TTTGGTTTCCTAAGTG-1,1
TTTGTTGAGATCGACG-1,3
TTTGTTGCACCCTTAC-1,1
TTTGTTGCACGCAGTC-1,2
TTTGTTGCATCGGAAG-1,1
TTTGTTGGTACTGGGA-1,1
TTTGTTGTCGGCTATA-1,2
